t	x	y	z	vx	vy	vz	xstart	ystart	zstart	roihinit	roiwinit	roixinit	roiyinit	imgw	imgh	fov	goaldiv	t0	t1	t2	t3	tlanded	nreinits	phistart	thetastart	psistart
139.343643	-0.711109	-0.691386	5.003876	-0.000145	0.000379	0.000046
139.375885	-0.711112	-0.691373	5.003862	-0.000053	0.000385	-0.001212
139.408127	-0.711111	-0.691361	5.003707	0.000136	0.000376	-0.010056
139.440369	-0.711100	-0.691348	5.003202	0.000569	0.000393	-0.018659
139.472610	-0.711069	-0.691333	5.002595	0.001351	0.000520	-0.015751
139.505829	-0.711003	-0.691311	5.002326	0.002573	0.000855	0.001916
139.538071	-0.710893	-0.691274	5.002882	0.004058	0.001413	0.033253
139.570312	-0.710731	-0.691214	5.004554	0.005699	0.002197	0.065281
139.603531	-0.710506	-0.691122	5.007342	0.007499	0.003254	0.099130
139.636749	-0.710218	-0.690988	5.011473	0.009424	0.004588	0.144551
139.668015	-0.709884	-0.690817	5.016956	0.011362	0.006085	0.197794
139.701233	-0.709460	-0.690579	5.024673	0.013522	0.007849	0.252193
139.733475	-0.708976	-0.690290	5.033720	0.015697	0.009644	0.291734
139.766693	-0.708402	-0.689928	5.044137	0.018022	0.011541	0.316896
139.800888	-0.707726	-0.689489	5.055459	0.020482	0.013519	0.326232
139.831177	-0.707055	-0.689041	5.065526	0.022687	0.015271	0.320308
139.863419	-0.706266	-0.688505	5.075799	0.025040	0.017124	0.299871
139.896637	-0.705371	-0.687889	5.085422	0.027443	0.019013	0.264202
139.928864	-0.704424	-0.687229	5.093533	0.029891	0.020939	0.229659
139.963058	-0.703327	-0.686457	5.100939	0.032610	0.023072	0.192488
139.995300	-0.702207	-0.685660	5.106544	0.035159	0.025057	0.146028
140.027542	-0.701003	-0.684800	5.110400	0.037643	0.026987	0.086948
140.060760	-0.699678	-0.683848	5.112095	0.040085	0.028896	0.012552
140.094955	-0.698228	-0.682799	5.111146	0.042675	0.030929	-0.062456
140.127197	-0.696773	-0.681742	5.108067	0.045378	0.033040	-0.119424
140.158463	-0.695272	-0.680647	5.103543	0.048314	0.035301	-0.159122
140.191681	-0.693568	-0.679400	5.097628	0.051803	0.037932	-0.185000
140.223923	-0.691794	-0.678101	5.091306	0.055569	0.040713	-0.194814
140.256165	-0.689889	-0.676705	5.084909	0.059707	0.043726	-0.190031
140.290359	-0.687712	-0.675112	5.078583	0.064498	0.047186	-0.169028
140.321625	-0.685572	-0.673547	5.073524	0.068962	0.050399	-0.149232
140.353867	-0.683215	-0.671826	5.068916	0.073600	0.053742	-0.128882
140.388062	-0.680544	-0.669876	5.064967	0.078773	0.057499	-0.095087
140.419327	-0.677943	-0.667976	5.062456	0.083481	0.060949	-0.064517
140.452545	-0.675015	-0.665838	5.060796	0.088452	0.064619	-0.032450
140.485764	-0.671914	-0.663572	5.060401	0.093634	0.068463	0.010191
140.517029	-0.668834	-0.661319	5.061412	0.098494	0.072084	0.049846
140.549271	-0.665499	-0.658877	5.063580	0.103216	0.075612	0.077977
140.582489	-0.661903	-0.656241	5.066687	0.108016	0.079212	0.105291
140.614731	-0.658256	-0.653566	5.070598	0.112575	0.082639	0.128872
140.647949	-0.654347	-0.650695	5.075223	0.116939	0.085922	0.139985
140.680191	-0.650418	-0.647806	5.079828	0.120803	0.088836	0.136315
140.712418	-0.646363	-0.644823	5.084218	0.124586	0.091708	0.131157
140.744659	-0.642184	-0.641745	5.088466	0.128297	0.094538	0.124479
140.777878	-0.637751	-0.638477	5.092577	0.132137	0.097458	0.118997
140.810120	-0.633323	-0.635209	5.096418	0.135816	0.100235	0.112090
140.842361	-0.628778	-0.631854	5.099845	0.139199	0.102768	0.093561
140.876556	-0.623837	-0.628207	5.102733	0.142757	0.105423	0.073653
140.908798	-0.619065	-0.624682	5.104852	0.146046	0.107876	0.053423
140.941040	-0.614185	-0.621077	5.106264	0.149337	0.110328	0.034353
140.973282	-0.609192	-0.617388	5.107237	0.152907	0.112972	0.027246
141.007477	-0.603761	-0.613376	5.108291	0.157077	0.116031	0.035407
141.039719	-0.598502	-0.609492	5.109724	0.161222	0.119038	0.051590
141.074890	-0.592605	-0.605139	5.112052	0.165997	0.122475	0.079171
141.107132	-0.587047	-0.601041	5.115105	0.170308	0.125558	0.102995
141.140350	-0.581175	-0.596713	5.119012	0.174692	0.128683	0.127546
141.172592	-0.575329	-0.592408	5.123782	0.179176	0.131875	0.162499
141.204834	-0.569334	-0.587998	5.129775	0.183577	0.135012	0.197561
141.238052	-0.563013	-0.583351	5.136955	0.187656	0.137939	0.221049
141.271271	-0.556561	-0.578609	5.144727	0.191320	0.140603	0.234107
141.302536	-0.550381	-0.574067	5.152304	0.194377	0.142859	0.236594
141.334778	-0.543910	-0.569310	5.160113	0.197370	0.145092	0.237702
141.367996	-0.537140	-0.564333	5.168217	0.200288	0.147286	0.236770
141.400238	-0.530482	-0.559436	5.175857	0.202713	0.149118	0.223777
141.432480	-0.523746	-0.554480	5.182986	0.205054	0.150888	0.209969
141.465698	-0.516724	-0.549312	5.189939	0.207490	0.152722	0.198533
141.498917	-0.509624	-0.544085	5.196385	0.209652	0.154339	0.178652
141.531158	-0.502664	-0.538961	5.201941	0.211725	0.155879	0.160073
141.563385	-0.495635	-0.533786	5.206931	0.213729	0.157360	0.140940
141.595627	-0.488546	-0.528567	5.211101	0.215348	0.158555	0.110223
141.627869	-0.481407	-0.523310	5.214187	0.216882	0.159693	0.079316
141.663040	-0.473561	-0.517533	5.216433	0.218434	0.160850	0.044570
141.695282	-0.466327	-0.512206	5.217207	0.219465	0.161624	0.001373
141.727524	-0.459062	-0.506855	5.216485	0.220420	0.162348	-0.042005
141.761719	-0.451322	-0.501154	5.214202	0.221351	0.163063	-0.088579
141.792984	-0.444221	-0.495923	5.210530	0.221877	0.163477	-0.141205
141.825226	-0.436885	-0.490517	5.204908	0.222363	0.163861	-0.195757
141.858444	-0.429308	-0.484933	5.197279	0.222794	0.164209	-0.252396
141.890686	-0.421942	-0.479503	5.188028	0.223246	0.164575	-0.304125
141.922928	-0.414555	-0.474057	5.177285	0.224023	0.165179	-0.342507
141.956146	-0.406911	-0.468420	5.165171	0.225236	0.166093	-0.365923
141.988388	-0.399445	-0.462915	5.152914	0.226810	0.167253	-0.373344
142.021606	-0.391696	-0.457201	5.140133	0.228452	0.168433	-0.379136
142.054825	-0.383893	-0.451449	5.127130	0.230106	0.169589	-0.382975
142.086090	-0.376493	-0.445996	5.114959	0.231933	0.170858	-0.374788
142.120285	-0.368326	-0.439982	5.102214	0.234262	0.172484	-0.350809
142.152527	-0.360546	-0.434255	5.091212	0.236764	0.174237	-0.313985
142.184769	-0.352682	-0.428470	5.081508	0.239205	0.175935	-0.276423
142.217987	-0.344499	-0.422453	5.072764	0.241645	0.177621	-0.237009
142.251205	-0.336232	-0.416378	5.065453	0.244070	0.179303	-0.193936
142.282471	-0.328376	-0.410608	5.059977	0.246386	0.180930	-0.147616
142.315689	-0.319949	-0.404421	5.055822	0.248679	0.182556	-0.099768
142.348907	-0.311448	-0.398181	5.053253	0.250854	0.184117	-0.051029
142.381134	-0.303123	-0.392071	5.052523	0.253112	0.185755	0.007208
142.414352	-0.294470	-0.385721	5.053841	0.255277	0.187335	0.066554
142.446594	-0.286008	-0.379511	5.056839	0.256907	0.188532	0.110909
142.477859	-0.277759	-0.373458	5.060895	0.257984	0.189335	0.138869
142.512054	-0.268708	-0.366814	5.066062	0.258604	0.189825	0.152900
142.543320	-0.260422	-0.360731	5.070980	0.258689	0.189946	0.151645
142.575562	-0.251878	-0.354456	5.075904	0.258591	0.189961	0.148048
142.610733	-0.242564	-0.347612	5.081154	0.258308	0.189859	0.141615
142.642975	-0.234041	-0.341346	5.085563	0.257689	0.189495	0.123442
142.675217	-0.225541	-0.335094	5.089288	0.257002	0.189076	0.104316
142.710388	-0.216294	-0.328289	5.092664	0.256176	0.188562	0.081931
142.742630	-0.207845	-0.322068	5.095036	0.255448	0.188111	0.064193
142.774872	-0.199418	-0.315862	5.096884	0.254693	0.187634	0.046640
142.808090	-0.190767	-0.309487	5.098043	0.253710	0.186978	0.021277
142.843262	-0.181648	-0.302766	5.098160	0.252371	0.186047	-0.016079
142.875504	-0.173333	-0.296636	5.097039	0.251107	0.185156	-0.048858
142.907745	-0.165057	-0.290532	5.095045	0.250057	0.184419	-0.068694
142.941940	-0.156312	-0.284082	5.092503	0.249236	0.183842	-0.073506
142.974182	-0.148092	-0.278019	5.090045	0.248455	0.183270	-0.076898
143.005447	-0.140146	-0.272158	5.087520	0.247697	0.182697	-0.079121
143.040619	-0.131237	-0.265587	5.084625	0.246759	0.181988	-0.083225
143.072861	-0.123101	-0.259586	5.081822	0.245877	0.181335	-0.084472
143.104126	-0.115237	-0.253787	5.079255	0.245181	0.180834	-0.073875
143.138321	-0.106661	-0.247461	5.076927	0.244354	0.180248	-0.061017
143.169586	-0.098847	-0.241697	5.075170	0.243559	0.179692	-0.047389
143.202805	-0.090571	-0.235590	5.073989	0.242879	0.179238	-0.020484
143.237976	-0.081828	-0.229137	5.074010	0.242360	0.178928	0.023061
143.270218	-0.073831	-0.223231	5.075469	0.241795	0.178591	0.062113
143.302444	-0.065858	-0.217341	5.078006	0.240915	0.178031	0.088160
143.336639	-0.057440	-0.211118	5.081347	0.239578	0.177159	0.099384
143.367905	-0.049789	-0.205458	5.084651	0.238213	0.176283	0.108286
143.400146	-0.041943	-0.199649	5.088542	0.236879	0.175465	0.129012
143.434341	-0.033671	-0.193518	5.093491	0.235363	0.174519	0.151098
143.469513	-0.025219	-0.187249	5.099357	0.233760	0.173489	0.175829
143.501755	-0.017523	-0.181535	5.105556	0.232210	0.172464	0.196869
143.533020	-0.010111	-0.176028	5.112175	0.230657	0.171426	0.217217
143.566238	-0.002290	-0.170213	5.119941	0.228917	0.170258	0.236760
143.598480	0.005239	-0.164611	5.127911	0.226975	0.168942	0.243102
143.635605	0.013824	-0.158218	5.137020	0.224395	0.167195	0.232990
143.667847	0.021196	-0.152722	5.144521	0.222063	0.165642	0.223305
143.701065	0.028711	-0.147113	5.151956	0.219587	0.164003	0.212189
143.735260	0.036358	-0.141398	5.159194	0.217023	0.162308	0.203258
143.767502	0.043485	-0.136064	5.165777	0.214564	0.160663	0.193732
143.799744	0.050529	-0.130787	5.171836	0.211929	0.158852	0.171368
143.832962	0.057691	-0.125416	5.177058	0.209029	0.156806	0.133943
143.865204	0.064546	-0.120272	5.180665	0.206023	0.154654	0.083494
143.898422	0.071502	-0.115048	5.182561	0.202888	0.152409	0.031314
143.930664	0.078152	-0.110051	5.182745	0.199802	0.150203	-0.020297
143.963882	0.084896	-0.104979	5.181129	0.196628	0.147938	-0.071066
143.995148	0.091145	-0.100275	5.178093	0.193636	0.145803	-0.118560
144.028366	0.097680	-0.095353	5.173173	0.190481	0.143550	-0.167106
144.060608	0.103920	-0.090648	5.166877	0.187429	0.141366	-0.214432
144.092850	0.110060	-0.086015	5.158994	0.184414	0.139206	-0.259461
144.126068	0.116284	-0.081315	5.149550	0.181457	0.137105	-0.291708
144.158310	0.122232	-0.076818	5.139605	0.178744	0.135202	-0.307125
144.191528	0.128267	-0.072251	5.128937	0.175983	0.133272	-0.320899
144.227676	0.134728	-0.067354	5.116796	0.173024	0.131210	-0.332121
144.259918	0.140400	-0.063050	5.105840	0.170494	0.129463	-0.328548
144.291183	0.145823	-0.058930	5.095583	0.168152	0.127854	-0.309879
144.327332	0.152000	-0.054229	5.084689	0.165487	0.126015	-0.278578
144.360550	0.157588	-0.049970	5.075832	0.162927	0.124328	-0.240459
144.392776	0.162924	-0.045891	5.068717	0.160205	0.122718	-0.189256
144.425018	0.168165	-0.041865	5.063372	0.157124	0.121043	-0.137764
144.458237	0.173452	-0.037778	5.059591	0.153636	0.119163	-0.084252
144.489502	0.178317	-0.033993	5.057869	0.150199	0.117207	-0.022879
144.523697	0.183510	-0.029928	5.058494	0.146385	0.114831	0.058751
144.555939	0.188285	-0.026176	5.061755	0.142799	0.112365	0.134216
144.587204	0.192802	-0.022619	5.067075	0.139364	0.109819	0.193295
144.620422	0.197482	-0.018930	5.074668	0.135786	0.107067	0.252530
144.652664	0.201909	-0.015438	5.083962	0.132366	0.104406	0.306301
144.685883	0.206353	-0.011933	5.095130	0.128854	0.101687	0.345865
144.718124	0.210551	-0.008618	5.107152	0.125449	0.099095	0.382487
144.753296	0.215003	-0.005099	5.121659	0.121723	0.096299	0.419284
144.787491	0.219202	-0.001774	5.136767	0.118082	0.093576	0.439413
144.820709	0.223159	0.001365	5.152008	0.114529	0.090931	0.457458
144.851974	0.226772	0.004236	5.166935	0.111165	0.088446	0.472248
144.885193	0.230492	0.007200	5.183083	0.107585	0.085821	0.473901
144.918411	0.234091	0.010076	5.199203	0.104009	0.083232	0.475255
144.949677	0.237368	0.012702	5.214448	0.100673	0.080830	0.474731
144.983871	0.240830	0.015487	5.230861	0.097096	0.078247	0.459993
145.016113	0.243981	0.018031	5.245617	0.093802	0.075862	0.431567
145.049332	0.247115	0.020571	5.259558	0.090478	0.073463	0.386310
145.082550	0.250137	0.023030	5.271885	0.087189	0.071120	0.341403
145.114792	0.252963	0.025341	5.282436	0.084034	0.068891	0.297058
145.146057	0.255605	0.027513	5.291096	0.081042	0.066767	0.243068
145.179276	0.258309	0.029746	5.298330	0.077919	0.064545	0.185716
145.211517	0.260832	0.031842	5.303542	0.074946	0.062413	0.129778
145.246689	0.263474	0.034049	5.306885	0.071788	0.060119	0.055329
145.278915	0.265796	0.035999	5.307550	0.068919	0.058030	-0.010750
145.311157	0.268024	0.037880	5.306117	0.066078	0.055957	-0.075613
145.344376	0.270223	0.039748	5.302397	0.063179	0.053834	-0.138915
145.376617	0.272262	0.041491	5.296968	0.060365	0.051770	-0.185489
145.408859	0.274208	0.043166	5.290278	0.057557	0.049693	-0.215714
145.443054	0.276171	0.044867	5.282419	0.054583	0.047462	-0.229466
145.474319	0.277875	0.046353	5.274916	0.051926	0.045422	-0.240381
145.506561	0.279545	0.047818	5.266615	0.049292	0.043363	-0.263965
145.539780	0.281176	0.049257	5.257172	0.046605	0.041274	-0.288392
145.572998	0.282714	0.050626	5.247125	0.043860	0.039189	-0.298962
145.607193	0.284200	0.051961	5.236498	0.041019	0.037087	-0.309204
145.640411	0.285547	0.053188	5.225805	0.038240	0.035082	-0.316766
145.671677	0.286729	0.054281	5.215566	0.035640	0.033230	-0.324102
145.704895	0.287894	0.055378	5.204382	0.032890	0.031293	-0.331027
145.737137	0.288934	0.056379	5.193508	0.030174	0.029406	-0.324928
145.770355	0.289911	0.057346	5.182795	0.027326	0.027435	-0.302449
145.802597	0.290767	0.058219	5.173394	0.024529	0.025491	-0.265240
145.835815	0.291552	0.059051	5.165083	0.021705	0.023489	-0.226231
145.867081	0.292204	0.059773	5.158424	0.019087	0.021590	-0.188983
145.900299	0.292804	0.060471	5.152864	0.016260	0.019505	-0.136698
145.933517	0.293307	0.061097	5.149340	0.013368	0.017340	-0.069717
145.967712	0.293722	0.061664	5.148172	0.010418	0.015106	-0.001204
145.999954	0.294020	0.062129	5.149019	0.007739	0.013085	0.047968
146.032196	0.294230	0.062527	5.151364	0.005060	0.011117	0.094182
146.067368	0.294358	0.062889	5.155662	0.002145	0.009052	0.140636
146.099609	0.294385	0.063158	5.160824	-0.000424	0.007279	0.168177
146.131851	0.294329	0.063370	5.166616	-0.002868	0.005609	0.179262
146.166046	0.294184	0.063536	5.172861	-0.005347	0.003931	0.174870
146.197296	0.293975	0.063636	5.178372	-0.007623	0.002408	0.171279
146.229538	0.293683	0.063689	5.183993	-0.009954	0.000840	0.167398
146.262756	0.293305	0.063690	5.189429	-0.012201	-0.000714	0.149897
146.294998	0.292867	0.063642	5.193878	-0.014194	-0.002149	0.117790
146.327240	0.292367	0.063548	5.197015	-0.016005	-0.003505	0.070912
146.360458	0.291791	0.063404	5.198547	-0.017805	-0.004889	0.022500
146.392700	0.291172	0.063219	5.198684	-0.019607	-0.006289	-0.010381
146.429825	0.290386	0.062949	5.197623	-0.021625	-0.007871	-0.046439
146.463043	0.289619	0.062657	5.195502	-0.023410	-0.009265	-0.074700
146.495285	0.288816	0.062327	5.192783	-0.025224	-0.010661	-0.086613
146.528503	0.287925	0.061939	5.189682	-0.027059	-0.012062	-0.097029
146.559769	0.287030	0.061532	5.186423	-0.028752	-0.013350	-0.104270
146.592010	0.286050	0.061068	5.183043	-0.030558	-0.014710	-0.097964
146.625229	0.284976	0.060542	5.180049	-0.032501	-0.016155	-0.075707
146.658447	0.283834	0.059966	5.178099	-0.034536	-0.017653	-0.037115
146.690689	0.282660	0.059358	5.177558	-0.036470	-0.019093	0.001199
146.722931	0.281425	0.058704	5.178050	-0.038241	-0.020451	0.025065
146.756149	0.280093	0.057984	5.179220	-0.040005	-0.021823	0.043505
146.790344	0.278659	0.057195	5.181002	-0.041774	-0.023192	0.055280
146.825516	0.277122	0.056335	5.182949	-0.043449	-0.024466	0.049700
146.858734	0.275616	0.055482	5.184510	-0.045045	-0.025625	0.044326
146.890976	0.274101	0.054617	5.185893	-0.046579	-0.026703	0.037637
146.923218	0.272538	0.053718	5.186841	-0.047967	-0.027680	0.017625
146.955460	0.270931	0.052787	5.187014	-0.049298	-0.028622	-0.005252
146.987701	0.269280	0.051825	5.186599	-0.050689	-0.029607	-0.016864
147.020920	0.267530	0.050800	5.185860	-0.052064	-0.030596	-0.028057
147.053162	0.265790	0.049775	5.184567	-0.053207	-0.031450	-0.052174
147.085403	0.264014	0.048722	5.182390	-0.054297	-0.032282	-0.076897
147.118607	0.262145	0.047607	5.179540	-0.055532	-0.033214	-0.087352
147.150848	0.260290	0.046494	5.176525	-0.056717	-0.034106	-0.096753
147.184067	0.258339	0.045318	5.173059	-0.057936	-0.035016	-0.104523
147.216309	0.256403	0.044145	5.169673	-0.059220	-0.035967	-0.097765
147.250504	0.254302	0.042865	5.166653	-0.060698	-0.037084	-0.072267
147.284698	0.252148	0.041544	5.164844	-0.062260	-0.038322	-0.028994
147.316940	0.250065	0.040257	5.164822	-0.063805	-0.039600	0.028757
147.350159	0.247865	0.038885	5.167064	-0.065455	-0.041002	0.103322
147.383377	0.245609	0.037465	5.171901	-0.067026	-0.042372	0.176319
147.414642	0.243440	0.036088	5.178479	-0.068333	-0.043528	0.229627
147.446884	0.241162	0.034632	5.186743	-0.069517	-0.044557	0.266342
147.481079	0.238704	0.033053	5.196699	-0.070777	-0.045580	0.302745
147.512344	0.236418	0.031578	5.206931	-0.071921	-0.046442	0.332809
147.544586	0.234024	0.030031	5.218235	-0.072956	-0.047181	0.348174
147.577805	0.231525	0.028414	5.230093	-0.073842	-0.047791	0.345547
147.611023	0.228999	0.026779	5.241540	-0.074542	-0.048264	0.324565
147.643265	0.226528	0.025179	5.251669	-0.075043	-0.048597	0.286892
147.676483	0.223965	0.023519	5.260701	-0.075522	-0.048919	0.247221
147.709702	0.221387	0.021849	5.268439	-0.075940	-0.049219	0.206525
147.740967	0.218949	0.020268	5.274416	-0.076288	-0.049501	0.170070
147.774185	0.216345	0.018577	5.279756	-0.076734	-0.049887	0.147584
147.806427	0.213804	0.016922	5.284323	-0.077110	-0.050258	0.127591
147.838669	0.211253	0.015257	5.288002	-0.077299	-0.050522	0.093413
147.870911	0.208698	0.013585	5.290284	-0.077318	-0.050665	0.043350
147.904129	0.206067	0.011859	5.290817	-0.077332	-0.050787	-0.008300
147.936356	0.203512	0.010180	5.289702	-0.077343	-0.050881	-0.059635
147.968597	0.200959	0.008499	5.286679	-0.077236	-0.050884	-0.124112
148.001816	0.198332	0.006767	5.281267	-0.077119	-0.050886	-0.189695
148.034058	0.195785	0.005085	5.274141	-0.077122	-0.050982	-0.237155
148.066299	0.193236	0.003398	5.265757	-0.077245	-0.051185	-0.266263
148.100494	0.190525	0.001599	5.256183	-0.077498	-0.051518	-0.276471
148.131760	0.188039	-0.000057	5.247234	-0.077685	-0.051809	-0.284077
148.164001	0.185471	-0.001773	5.237698	-0.077829	-0.052085	-0.291034
148.197220	0.182818	-0.003551	5.227887	-0.078060	-0.052433	-0.282727
148.229462	0.180236	-0.005289	5.218723	-0.078252	-0.052758	-0.274382
148.261703	0.177649	-0.007037	5.209788	-0.078429	-0.053088	-0.264778
148.295898	0.174898	-0.008903	5.200698	-0.078587	-0.053430	-0.256662
148.327164	0.172378	-0.010620	5.192589	-0.078740	-0.053761	-0.247694
148.360382	0.169695	-0.012456	5.184353	-0.078899	-0.054118	-0.238655
148.393600	0.167009	-0.014303	5.176177	-0.078940	-0.054380	-0.244813
148.424866	0.164480	-0.016049	5.168184	-0.078976	-0.054605	-0.251981
148.458084	0.161791	-0.017911	5.159494	-0.079008	-0.054809	-0.260577
148.490326	0.159181	-0.019724	5.150738	-0.079036	-0.054983	-0.267044
148.522568	0.156568	-0.021544	5.142025	-0.079148	-0.055214	-0.257832
148.555786	0.153872	-0.023428	5.133671	-0.079334	-0.055513	-0.230610
148.588028	0.151249	-0.025267	5.126558	-0.079428	-0.055764	-0.203118
148.621246	0.148545	-0.027168	5.120127	-0.079435	-0.055984	-0.173572
148.653488	0.145921	-0.029022	5.115079	-0.079467	-0.056245	-0.130524
148.685715	0.143296	-0.030884	5.111541	-0.079457	-0.056493	-0.087191
148.718933	0.140592	-0.032811	5.109339	-0.079429	-0.056743	-0.041564
148.750198	0.138049	-0.034633	5.108703	-0.079378	-0.056952	-0.001703
148.784393	0.135269	-0.036632	5.109400	-0.079335	-0.057167	0.042202
148.816635	0.132647	-0.038524	5.111681	-0.079392	-0.057415	0.097150
148.847900	0.130103	-0.040367	5.115708	-0.079435	-0.057619	0.150544
148.881119	0.127401	-0.042330	5.121589	-0.079345	-0.057710	0.190606
148.913361	0.124783	-0.044236	5.128281	-0.079115	-0.057667	0.210582
148.946579	0.122096	-0.046197	5.135731	-0.078850	-0.057569	0.228727
148.979797	0.119417	-0.048154	5.143828	-0.078542	-0.057414	0.244120
149.011063	0.116907	-0.049990	5.151860	-0.078223	-0.057233	0.259026
149.043304	0.114329	-0.051877	5.160697	-0.077859	-0.057006	0.273454
149.076523	0.111687	-0.053811	5.170032	-0.077358	-0.056665	0.271948
149.108765	0.109141	-0.055677	5.178947	-0.076852	-0.056305	0.270026
149.142960	0.106458	-0.057642	5.188379	-0.076288	-0.055897	0.266048
149.178131	0.103722	-0.059647	5.197615	-0.075576	-0.055388	0.243665
149.210373	0.101237	-0.061469	5.205281	-0.074905	-0.054915	0.223534
149.242615	0.098774	-0.063275	5.212351	-0.074218	-0.054443	0.202961
149.276810	0.096187	-0.065173	5.219073	-0.073481	-0.053961	0.183777
149.308075	0.093844	-0.066895	5.224684	-0.072781	-0.053519	0.164877
149.344223	0.091166	-0.068867	5.230178	-0.071885	-0.052966	0.131134
149.377441	0.088734	-0.070661	5.234165	-0.071050	-0.052487	0.106865
149.408707	0.086471	-0.072335	5.237447	-0.070287	-0.052101	0.101482
149.441925	0.084093	-0.074101	5.240868	-0.069423	-0.051676	0.097639
149.474167	0.081815	-0.075801	5.244046	-0.068556	-0.051235	0.097247
149.506409	0.079565	-0.077485	5.247274	-0.067674	-0.050746	0.095974
149.539627	0.077278	-0.079203	5.250512	-0.066781	-0.050206	0.096579
149.571854	0.075085	-0.080852	5.253933	-0.065993	-0.049694	0.113234
149.604095	0.072918	-0.082486	5.258210	-0.065288	-0.049199	0.147940
149.638290	0.070644	-0.084199	5.264109	-0.064537	-0.048645	0.185378
149.669556	0.068589	-0.085748	5.270410	-0.063780	-0.048076	0.204140
149.701797	0.066496	-0.087326	5.277209	-0.062912	-0.047432	0.204049
149.735992	0.064309	-0.088975	5.284288	-0.061973	-0.046758	0.202319
149.767258	0.062338	-0.090464	5.290934	-0.061160	-0.046208	0.215414
149.799500	0.060332	-0.091981	5.298349	-0.060318	-0.045679	0.230986
149.832718	0.058295	-0.093526	5.306257	-0.059380	-0.045089	0.230421
149.865936	0.056292	-0.095048	5.313799	-0.058373	-0.044393	0.209909
149.900131	0.054266	-0.096589	5.320457	-0.057284	-0.043543	0.167695
149.932373	0.052392	-0.098012	5.325056	-0.056228	-0.042628	0.109152
149.965591	0.050497	-0.099445	5.327662	-0.055154	-0.041626	0.048229
149.998810	0.048638	-0.100844	5.328494	-0.054123	-0.040615	0.005505
150.030075	0.046920	-0.102129	5.328278	-0.053174	-0.039676	-0.014862
150.062317	0.045180	-0.103424	5.327507	-0.052158	-0.038729	-0.033168
150.096512	0.043374	-0.104763	5.325771	-0.051012	-0.037749	-0.068329
150.127777	0.041757	-0.105958	5.323019	-0.049961	-0.036893	-0.100062
150.160019	0.040125	-0.107162	5.319181	-0.048901	-0.036045	-0.133389
150.193237	0.038479	-0.108374	5.313824	-0.047829	-0.035183	-0.183208
150.226456	0.036870	-0.109556	5.306443	-0.046779	-0.034322	-0.251977
150.258698	0.035341	-0.110676	5.296935	-0.045808	-0.033502	-0.319099
150.291916	0.033799	-0.111802	5.285138	-0.044876	-0.032678	-0.368949
150.323181	0.032375	-0.112836	5.272823	-0.044027	-0.031910	-0.395530
150.355408	0.030936	-0.113876	5.259591	-0.043126	-0.031126	-0.401875
150.389603	0.029444	-0.114952	5.245468	-0.042076	-0.030298	-0.406579
150.421844	0.028072	-0.115940	5.231973	-0.041006	-0.029528	-0.407838
150.453110	0.026776	-0.116873	5.219107	-0.039933	-0.028803	-0.392675
150.487305	0.025399	-0.117869	5.205796	-0.038746	-0.028033	-0.368327
150.519547	0.024138	-0.118783	5.194115	-0.037633	-0.027336	-0.337020
150.551788	0.022913	-0.119674	5.183756	-0.036542	-0.026669	-0.288253
150.585007	0.021689	-0.120570	5.175121	-0.035437	-0.026009	-0.217804
150.616272	0.020571	-0.121393	5.169458	-0.034401	-0.025410	-0.136010
150.648514	0.019453	-0.122222	5.166619	-0.033327	-0.024809	-0.035992
150.682709	0.018306	-0.123080	5.167537	-0.032178	-0.024169	0.088205
150.713974	0.017293	-0.123844	5.172248	-0.031117	-0.023564	0.199603
150.747192	0.016253	-0.124635	5.180813	-0.030006	-0.022894	0.296852
150.779434	0.015280	-0.125380	5.192138	-0.028977	-0.022221	0.387944
150.811676	0.014339	-0.126102	5.206476	-0.028021	-0.021528	0.474559
150.843918	0.013429	-0.126801	5.223346	-0.027135	-0.020817	0.541065
150.878113	0.012494	-0.127516	5.243222	-0.026265	-0.020050	0.587985
150.912308	0.011588	-0.128205	5.264296	-0.025457	-0.019287	0.610143
150.944550	0.010760	-0.128830	5.284501	-0.024736	-0.018581	0.609344
150.977768	0.009931	-0.129450	5.304893	-0.024005	-0.017872	0.585974
151.010010	0.009150	-0.130029	5.323573	-0.023286	-0.017192	0.542771
151.042252	0.008393	-0.130585	5.340496	-0.022551	-0.016506	0.480305
151.074493	0.007661	-0.131119	5.355023	-0.021808	-0.015814	0.398459
151.108688	0.006911	-0.131659	5.367128	-0.021022	-0.015083	0.292117
151.139954	0.006249	-0.132132	5.374637	-0.020311	-0.014430	0.177196
151.172180	0.005591	-0.132597	5.378222	-0.019589	-0.013790	0.041094
151.205399	0.004937	-0.133056	5.377151	-0.018843	-0.013159	-0.096930
151.238617	0.004309	-0.133493	5.371737	-0.018075	-0.012543	-0.213510
151.269882	0.003743	-0.133885	5.363396	-0.017311	-0.011974	-0.300495
151.303101	0.003169	-0.134282	5.351905	-0.016427	-0.011379	-0.368505
151.335342	0.002642	-0.134648	5.338932	-0.015468	-0.010802	-0.411652
151.367584	0.002149	-0.134995	5.324924	-0.014387	-0.010210	-0.432020
151.401779	0.001668	-0.135341	5.309741	-0.013120	-0.009550	-0.430675
151.434021	0.001256	-0.135645	5.295842	-0.011839	-0.008892	-0.407860
151.465286	0.000898	-0.135919	5.283406	-0.010549	-0.008217	-0.366489
151.498505	0.000563	-0.136186	5.271997	-0.009163	-0.007464	-0.302304
151.532700	0.000268	-0.136433	5.262903	-0.007753	-0.006660	-0.215679
151.565918	0.000027	-0.136646	5.257065	-0.006466	-0.005910	-0.132712
151.597183	-0.000162	-0.136825	5.253915	-0.005369	-0.005271	-0.067987
151.631378	-0.000331	-0.136998	5.252547	-0.004316	-0.004637	-0.015368
151.663620	-0.000459	-0.137142	5.252779	-0.003490	-0.004096	0.029356
151.694885	-0.000558	-0.137263	5.254595	-0.002713	-0.003480	0.085099
151.728104	-0.000637	-0.137370	5.258554	-0.001940	-0.002789	0.143289
151.760345	-0.000689	-0.137450	5.263999	-0.001239	-0.002109	0.181626
151.792587	-0.000718	-0.137508	5.270360	-0.000586	-0.001439	0.199166
151.825806	-0.000727	-0.137546	5.277125	0.000021	-0.000783	0.194710
151.858047	-0.000717	-0.137561	5.283422	0.000578	-0.000155	0.189095
151.890289	-0.000689	-0.137555	5.289585	0.001123	0.000461	0.181744
151.924484	-0.000639	-0.137528	5.295806	0.001724	0.001100	0.176192
151.956711	-0.000572	-0.137481	5.301656	0.002341	0.001691	0.178319
151.988953	-0.000483	-0.137416	5.307487	0.002986	0.002232	0.172133
152.022171	-0.000369	-0.137331	5.313202	0.003696	0.002754	0.166404
152.055389	-0.000231	-0.137229	5.318779	0.004423	0.003238	0.158855
152.087631	-0.000073	-0.137114	5.323698	0.005082	0.003660	0.137010
152.119873	0.000105	-0.136986	5.327817	0.005702	0.004072	0.114994
152.153091	0.000310	-0.136840	5.331530	0.006335	0.004522	0.106357
152.184357	0.000523	-0.136688	5.334856	0.006916	0.004955	0.099660
152.218552	0.000776	-0.136506	5.338010	0.007512	0.005409	0.078180
152.250793	0.001034	-0.136320	5.340219	0.008074	0.005836	0.058219
152.283035	0.001310	-0.136120	5.341824	0.008647	0.006247	0.037723
152.316254	0.001615	-0.135901	5.342541	0.009215	0.006619	0.002713
152.348495	0.001928	-0.135677	5.342026	0.009766	0.006949	-0.030794
152.380737	0.002261	-0.135442	5.340631	0.010344	0.007272	-0.050225
152.413956	0.002623	-0.135189	5.338628	0.010941	0.007574	-0.068653
152.447174	0.003006	-0.134926	5.335879	0.011529	0.007846	-0.092584
152.478439	0.003385	-0.134671	5.332616	0.012108	0.008120	-0.108360
152.512634	0.003820	-0.134380	5.328542	0.012749	0.008452	-0.125500
152.543900	0.004239	-0.134104	5.324271	0.013350	0.008799	-0.138618
152.576141	0.004691	-0.133806	5.319662	0.014023	0.009222	-0.137668
152.609360	0.005180	-0.133484	5.315043	0.014711	0.009679	-0.135659
152.641602	0.005677	-0.133157	5.310602	0.015363	0.010125	-0.131316
152.673843	0.006196	-0.132815	5.306355	0.015980	0.010552	-0.127923
152.707047	0.006750	-0.132449	5.302054	0.016587	0.010975	-0.122970
152.739288	0.007308	-0.132079	5.298261	0.017193	0.011389	-0.104564
152.771530	0.007886	-0.131696	5.295166	0.017790	0.011768	-0.085345
152.804749	0.008503	-0.131289	5.292600	0.018415	0.012120	-0.064135
152.837967	0.009140	-0.130871	5.290778	0.019030	0.012424	-0.045670
152.869232	0.009759	-0.130470	5.289414	0.019546	0.012650	-0.042283
152.902451	0.010432	-0.130036	5.287791	0.020002	0.012836	-0.055639
152.937622	0.011161	-0.129570	5.285483	0.020437	0.013024	-0.069867
152.970840	0.011864	-0.129123	5.283082	0.020857	0.013234	-0.068326
153.002106	0.012539	-0.128695	5.281136	0.021299	0.013470	-0.050961
153.035324	0.013273	-0.128232	5.279971	0.021846	0.013763	-0.015726
153.067566	0.014004	-0.127772	5.280065	0.022404	0.014056	0.018406
153.099808	0.014754	-0.127303	5.281232	0.022990	0.014358	0.053008
153.135956	0.015619	-0.126764	5.283916	0.023668	0.014698	0.088586
153.168198	0.016410	-0.126274	5.287182	0.024230	0.014968	0.105498
153.199463	0.017195	-0.125791	5.290768	0.024738	0.015216	0.119551
153.232681	0.018046	-0.125268	5.295280	0.025259	0.015490	0.147378
153.265900	0.018914	-0.124736	5.300805	0.025719	0.015742	0.174398
153.297165	0.019744	-0.124229	5.306626	0.026080	0.015929	0.185972
153.332336	0.020690	-0.123652	5.313283	0.026420	0.016071	0.180435
153.364578	0.021568	-0.123120	5.318921	0.026669	0.016138	0.158661
153.396820	0.022452	-0.122586	5.323566	0.026842	0.016149	0.120894
153.430038	0.023368	-0.122037	5.326956	0.026982	0.016140	0.081455
153.462280	0.024261	-0.121504	5.329001	0.027088	0.016123	0.041744
153.496475	0.025212	-0.120939	5.329708	0.027201	0.016122	0.002071
153.528717	0.026113	-0.120406	5.329352	0.027363	0.016172	-0.019959
153.560959	0.027021	-0.119870	5.328554	0.027605	0.016273	-0.025248
153.594177	0.027966	-0.119314	5.327679	0.027917	0.016392	-0.027447
153.626404	0.028894	-0.118771	5.326720	0.028265	0.016503	-0.029575
153.659622	0.029863	-0.118207	5.325818	0.028685	0.016625	-0.021022
153.691864	0.030818	-0.117656	5.325477	0.029155	0.016764	0.002526
153.724106	0.031790	-0.117099	5.326192	0.029692	0.016935	0.042322
153.756348	0.032780	-0.116537	5.328312	0.030231	0.017108	0.082797
153.789566	0.033818	-0.115952	5.331645	0.030708	0.017240	0.109287
153.821808	0.034838	-0.115381	5.335453	0.031058	0.017302	0.118045
153.854050	0.035869	-0.114809	5.339437	0.031322	0.017321	0.124727
153.888245	0.036971	-0.114202	5.344143	0.031562	0.017322	0.146142
153.919510	0.037985	-0.113648	5.349182	0.031728	0.017300	0.165785
153.951752	0.039035	-0.113077	5.354808	0.031836	0.017259	0.171892
153.985947	0.040151	-0.112473	5.360678	0.031888	0.017212	0.160461
154.017212	0.041173	-0.111922	5.365599	0.031925	0.017191	0.149090
154.049454	0.042228	-0.111354	5.370350	0.031953	0.017185	0.137110
154.082672	0.043316	-0.110770	5.374804	0.031980	0.017191	0.127030
154.114914	0.044368	-0.110204	5.377171	0.031557	0.016963	-0.022889
154.149109	0.045458	-0.109618	5.371198	0.030688	0.016495	-0.314961
154.181351	0.046457	-0.109081	5.355854	0.029812	0.016025	-0.606863
154.214569	0.047456	-0.108544	5.330007	0.028928	0.015554	-0.899702
154.246811	0.048398	-0.108038	5.295774	0.028129	0.015133	-1.160570
154.281006	0.049369	-0.107515	5.250553	0.027366	0.014730	-1.409058
154.315201	0.050316	-0.107006	5.197116	0.026714	0.014368	-1.630306
154.349396	0.051242	-0.106508	5.136423	0.026203	0.014046	-1.824396
154.382614	0.052127	-0.106035	5.071382	0.025846	0.013768	-1.988692
154.413879	0.052951	-0.105598	5.005419	0.025624	0.013536	-2.122024
154.447098	0.053820	-0.105141	4.931035	0.025485	0.013320	-2.241931
154.480316	0.054686	-0.104691	4.852936	0.025419	0.013135	-2.340972
154.515488	0.055602	-0.104221	4.766971	0.025404	0.012972	-2.424026
154.547729	0.056441	-0.103795	4.685866	0.025420	0.012852	-2.481458
154.582901	0.057358	-0.103333	4.595601	0.025470	0.012754	-2.523765
154.614151	0.058175	-0.102926	4.514363	0.025545	0.012696	-2.545094
154.646393	0.059021	-0.102507	4.430143	0.025662	0.012665	-2.551200
154.679611	0.059897	-0.102076	4.343425	0.025817	0.012661	-2.542362
154.713806	0.060805	-0.101632	4.254747	0.026007	0.012685	-2.517866
154.745071	0.061641	-0.101225	4.174651	0.026215	0.012733	-2.481983
154.777313	0.062511	-0.100803	4.093479	0.026473	0.012806	-2.431975
154.810532	0.063418	-0.100366	4.011790	0.026780	0.012902	-2.368149
154.843750	0.064335	-0.099925	3.932485	0.027117	0.013018	-2.292308
154.875015	0.065209	-0.099506	3.860381	0.027453	0.013143	-2.210303
154.908234	0.066150	-0.099056	3.786841	0.027836	0.013291	-2.112295
154.941452	0.067104	-0.098601	3.716815	0.028238	0.013453	-2.004087
154.972717	0.068015	-0.098167	3.654425	0.028621	0.013617	-1.893234
155.005936	0.068996	-0.097701	3.592188	0.029021	0.013802	-1.766239
155.038177	0.069961	-0.097241	3.536057	0.029403	0.013988	-1.634747
155.070419	0.070939	-0.096777	3.484273	0.029759	0.014152	-1.506455
155.103638	0.071958	-0.096292	3.435248	0.030101	0.014286	-1.377520
155.135880	0.072958	-0.095819	3.391948	0.030422	0.014400	-1.246793
155.168121	0.073968	-0.095341	3.353090	0.030738	0.014513	-1.108754
155.201340	0.075020	-0.094845	3.317946	0.031089	0.014646	-0.959577
155.233582	0.076053	-0.094358	3.288803	0.031482	0.014802	-0.808312
155.265823	0.077101	-0.093866	3.264768	0.031931	0.014989	-0.650590
155.299042	0.078196	-0.093352	3.245549	0.032437	0.015212	-0.482818
155.331284	0.079276	-0.092846	3.232323	0.032930	0.015437	-0.324988
155.363510	0.080372	-0.092333	3.224064	0.033378	0.015639	-0.182192
155.396729	0.081515	-0.091797	3.220196	0.033751	0.015810	-0.051907
155.428970	0.082634	-0.091273	3.220404	0.034003	0.015937	0.058347
155.461212	0.083760	-0.090745	3.223981	0.034140	0.016032	0.152736
155.495407	0.084957	-0.090182	3.230898	0.034174	0.016105	0.236937
155.526672	0.086051	-0.089665	3.239565	0.034120	0.016153	0.299893
155.558914	0.087176	-0.089131	3.250382	0.034006	0.016186	0.351187
155.592133	0.088331	-0.088579	3.263069	0.033858	0.016208	0.390896
155.624374	0.089447	-0.088044	3.276573	0.033730	0.016230	0.426589
155.656616	0.090560	-0.087507	3.291253	0.033633	0.016243	0.459708
155.689835	0.091703	-0.086955	3.307352	0.033562	0.016217	0.483645
155.722076	0.092811	-0.086420	3.323568	0.033527	0.016144	0.495767
155.754318	0.093918	-0.085889	3.339991	0.033517	0.016030	0.496707
155.789490	0.095126	-0.085314	3.357732	0.033521	0.015876	0.486168
155.821732	0.096234	-0.084792	3.373486	0.033517	0.015719	0.466442
155.853973	0.097340	-0.084276	3.388417	0.033484	0.015549	0.436826
155.887192	0.098479	-0.083750	3.402616	0.033412	0.015362	0.397133
155.919434	0.099581	-0.083245	3.414959	0.033305	0.015169	0.350118
155.951675	0.100679	-0.082748	3.425606	0.033167	0.014967	0.294770
155.984894	0.101805	-0.082242	3.434526	0.032998	0.014750	0.229943
156.017136	0.102891	-0.081759	3.440949	0.032812	0.014537	0.159776
156.050354	0.104005	-0.081268	3.445012	0.032602	0.014315	0.080079
156.082596	0.105078	-0.080799	3.446354	0.032407	0.014097	0.004999
156.114822	0.106146	-0.080337	3.445287	0.032229	0.013871	-0.068051
156.147064	0.107207	-0.079882	3.441729	0.032058	0.013640	-0.146014
156.180283	0.108295	-0.079422	3.435268	0.031891	0.013403	-0.232208
156.213501	0.109378	-0.078970	3.425769	0.031723	0.013174	-0.324360
156.244766	0.110391	-0.078552	3.413875	0.031557	0.012967	-0.416404
156.278961	0.111493	-0.078101	3.397424	0.031367	0.012750	-0.519817
156.310226	0.112496	-0.077696	3.379278	0.031210	0.012572	-0.608615
156.342468	0.113524	-0.077283	3.357773	0.031087	0.012410	-0.689004
156.375687	0.114581	-0.076864	3.333045	0.031022	0.012259	-0.759894
156.407928	0.115606	-0.076461	3.306935	0.031032	0.012117	-0.817255
156.440170	0.116632	-0.076063	3.279122	0.031118	0.011976	-0.863402
156.473389	0.117694	-0.075658	3.249061	0.031283	0.011830	-0.900223
156.506607	0.118762	-0.075258	3.217929	0.031515	0.011681	-0.926611
156.537872	0.119776	-0.074886	3.187964	0.031781	0.011540	-0.942204
156.571091	0.120863	-0.074496	3.155746	0.032101	0.011406	-0.949289
156.603333	0.121929	-0.074121	3.124393	0.032430	0.011315	-0.947493
156.635574	0.123006	-0.073748	3.093246	0.032762	0.011270	-0.937205
156.668793	0.124127	-0.073365	3.061652	0.033098	0.011257	-0.918564
156.701035	0.125226	-0.072993	3.031722	0.033421	0.011253	-0.892993
156.733276	0.126335	-0.072622	3.002764	0.033750	0.011241	-0.860088
156.766495	0.127490	-0.072239	2.974185	0.034104	0.011212	-0.819291
156.798737	0.128623	-0.071870	2.947886	0.034464	0.011165	-0.773285
156.831955	0.129802	-0.071491	2.922494	0.034845	0.011097	-0.719333
156.864182	0.130960	-0.071126	2.899706	0.035218	0.011014	-0.661154
156.896423	0.132129	-0.070764	2.878855	0.035564	0.010916	-0.604126
156.928665	0.133309	-0.070405	2.859841	0.035880	0.010814	-0.548305
156.962860	0.134572	-0.070028	2.841757	0.036210	0.010718	-0.484900
156.995102	0.135774	-0.069675	2.826791	0.036506	0.010642	-0.423115
157.026367	0.136947	-0.069335	2.814245	0.036768	0.010576	-0.361555
157.060562	0.138240	-0.068966	2.802769	0.037012	0.010507	-0.296672
157.091827	0.139429	-0.068630	2.794140	0.037182	0.010441	-0.245214
157.126999	0.140771	-0.068256	2.786221	0.037311	0.010357	-0.197353
157.158264	0.141967	-0.067925	2.780485	0.037371	0.010270	-0.163272
157.190506	0.143202	-0.067588	2.775570	0.037380	0.010160	-0.136494
157.223724	0.144474	-0.067244	2.771291	0.037340	0.010014	-0.116968
157.255966	0.145706	-0.066917	2.767643	0.037253	0.009829	-0.105591
157.288208	0.146934	-0.066596	2.764243	0.037116	0.009597	-0.101614
157.322403	0.148231	-0.066265	2.760649	0.036923	0.009307	-0.104740
157.353668	0.149411	-0.065971	2.757157	0.036714	0.009012	-0.114098
157.385910	0.150619	-0.065679	2.753134	0.036472	0.008688	-0.130050
157.419128	0.151856	-0.065390	2.748333	0.036208	0.008346	-0.152467
157.451370	0.153048	-0.065119	2.742847	0.035948	0.008018	-0.179853
157.483612	0.154231	-0.064860	2.736361	0.035688	0.007704	-0.212790
157.516830	0.155441	-0.064603	2.728489	0.035422	0.007398	-0.248641
157.550049	0.156642	-0.064356	2.719378	0.035159	0.007111	-0.286350
157.584244	0.157869	-0.064112	2.708655	0.034907	0.006837	-0.323646
157.618439	0.159087	-0.063877	2.696667	0.034666	0.006589	-0.360219
157.650681	0.160229	-0.063663	2.684197	0.034444	0.006379	-0.392818
157.682922	0.161363	-0.063456	2.670699	0.034233	0.006191	-0.423757
157.716125	0.162524	-0.063248	2.655744	0.034034	0.006021	-0.453159
157.748367	0.163646	-0.063052	2.640376	0.033861	0.005876	-0.475447
157.780609	0.164761	-0.062860	2.624324	0.033694	0.005742	-0.496241
157.813828	0.165905	-0.062667	2.607073	0.033522	0.005606	-0.516020
157.846069	0.167010	-0.062484	2.589779	0.033365	0.005471	-0.529529
157.879288	0.168143	-0.062300	2.571611	0.033212	0.005325	-0.536782
157.911530	0.169237	-0.062127	2.553783	0.033058	0.005170	-0.543030
157.943771	0.170326	-0.061959	2.535741	0.032885	0.004996	-0.548406
157.976013	0.171409	-0.061798	2.517604	0.032704	0.004796	-0.548723
158.009232	0.172519	-0.061638	2.499005	0.032527	0.004566	-0.543396
158.041473	0.173591	-0.061491	2.481220	0.032374	0.004327	-0.532777
158.073715	0.174658	-0.061353	2.463878	0.032229	0.004082	-0.516801
158.106934	0.175752	-0.061218	2.446651	0.032078	0.003834	-0.495276
158.141129	0.176874	-0.061088	2.429774	0.031932	0.003596	-0.467994
158.173370	0.177926	-0.060973	2.414757	0.031797	0.003398	-0.442739
158.206589	0.179006	-0.060860	2.400129	0.031640	0.003230	-0.417157
158.239807	0.180079	-0.060753	2.386370	0.031440	0.003100	-0.392902
158.271072	0.181082	-0.060655	2.374095	0.031195	0.003013	-0.375040
158.303314	0.182108	-0.060557	2.361991	0.030890	0.002955	-0.357916
158.336533	0.183153	-0.060457	2.350107	0.030536	0.002919	-0.341634
158.368774	0.184155	-0.060361	2.339024	0.030176	0.002891	-0.330626
158.401016	0.185146	-0.060266	2.328268	0.029823	0.002858	-0.320426
158.434235	0.186155	-0.060169	2.317601	0.029476	0.002816	-0.306076
158.466476	0.187123	-0.060077	2.307733	0.029148	0.002765	-0.292456
158.498703	0.188080	-0.059987	2.298245	0.028822	0.002703	-0.283145
158.532898	0.189084	-0.059893	2.288420	0.028473	0.002623	-0.278812
158.564163	0.189991	-0.059811	2.279490	0.028151	0.002539	-0.279544
158.598358	0.190971	-0.059724	2.269604	0.027796	0.002435	-0.285514
158.630600	0.191883	-0.059645	2.260011	0.027457	0.002334	-0.295814
158.662842	0.192784	-0.059569	2.250003	0.027108	0.002238	-0.310390
158.696060	0.193700	-0.059495	2.239113	0.026729	0.002150	-0.329758
158.730255	0.194629	-0.059421	2.227146	0.026314	0.002073	-0.353194
158.763474	0.195517	-0.059351	2.214736	0.025900	0.002010	-0.374699
158.794739	0.196341	-0.059288	2.202417	0.025521	0.001961	-0.394250
158.828934	0.197228	-0.059220	2.188227	0.025145	0.001920	-0.414500
158.861176	0.198053	-0.059157	2.174221	0.024834	0.001892	-0.433365
158.892441	0.198844	-0.059097	2.160042	0.024571	0.001871	-0.450779
158.925659	0.199676	-0.059034	2.144439	0.024331	0.001848	-0.464816
158.957901	0.200476	-0.058973	2.128921	0.024125	0.001819	-0.473615
158.990143	0.201270	-0.058914	2.113148	0.023924	0.001780	-0.481492
159.025314	0.202128	-0.058850	2.095646	0.023694	0.001729	-0.489002
159.057556	0.202907	-0.058794	2.079430	0.023479	0.001672	-0.491894
159.089798	0.203679	-0.058740	2.063150	0.023267	0.001606	-0.494106
159.123993	0.204490	-0.058685	2.045801	0.023051	0.001532	-0.495679
159.155258	0.205225	-0.058637	2.029948	0.022860	0.001462	-0.493524
159.187500	0.205977	-0.058590	2.013741	0.022667	0.001392	-0.487222
159.220718	0.206745	-0.058544	1.997330	0.022473	0.001325	-0.476731
159.253937	0.207507	-0.058500	1.981300	0.022281	0.001256	-0.466109
159.285202	0.208217	-0.058461	1.966529	0.022095	0.001175	-0.456076
159.318420	0.208965	-0.058423	1.951237	0.021874	0.001067	-0.442294
159.353592	0.209749	-0.058387	1.935628	0.021620	0.000925	-0.423836
159.385818	0.210459	-0.058359	1.921964	0.021398	0.000781	-0.403456
159.419037	0.211184	-0.058335	1.908653	0.021203	0.000633	-0.378918
159.451279	0.211882	-0.058316	1.896585	0.021051	0.000501	-0.351989
159.483521	0.212575	-0.058302	1.885456	0.020910	0.000385	-0.322200
159.515762	0.213263	-0.058291	1.875318	0.020749	0.000287	-0.293071
159.548981	0.213966	-0.058282	1.865812	0.020547	0.000204	-0.267134
159.581223	0.214640	-0.058277	1.857353	0.020312	0.000131	-0.246486
159.614441	0.215327	-0.058274	1.849311	0.020036	0.000050	-0.226401
159.646683	0.215984	-0.058274	1.842152	0.019741	-0.000045	-0.208180
159.678925	0.216631	-0.058277	1.835534	0.019427	-0.000160	-0.193627
159.712143	0.217286	-0.058285	1.829144	0.019096	-0.000298	-0.182926
159.744385	0.217911	-0.058297	1.823221	0.018780	-0.000446	-0.176557
159.777603	0.218545	-0.058315	1.817270	0.018464	-0.000602	-0.173915
159.809845	0.219150	-0.058338	1.811554	0.018172	-0.000750	-0.171834
159.842087	0.219746	-0.058365	1.805952	0.017898	-0.000897	-0.166933
159.878235	0.220403	-0.058401	1.799883	0.017599	-0.001057	-0.161446
159.909500	0.220962	-0.058437	1.794750	0.017339	-0.001186	-0.159691
159.941742	0.221530	-0.058479	1.789456	0.017070	-0.001311	-0.161381
159.974960	0.222106	-0.058525	1.783884	0.016797	-0.001428	-0.166500
160.007202	0.222657	-0.058574	1.778290	0.016549	-0.001529	-0.171641
160.039444	0.223200	-0.058626	1.772536	0.016327	-0.001603	-0.176895
160.072662	0.223752	-0.058681	1.766385	0.016128	-0.001633	-0.184856
160.104904	0.224282	-0.058735	1.760107	0.015953	-0.001603	-0.195489
160.138123	0.224822	-0.058788	1.753217	0.015782	-0.001510	-0.209512
160.171341	0.225356	-0.058837	1.745839	0.015612	-0.001368	-0.223198
160.202591	0.225853	-0.058878	1.738517	0.015455	-0.001208	-0.233057
160.236786	0.226392	-0.058917	1.730185	0.015287	-0.001029	-0.242355
160.269028	0.226894	-0.058949	1.722013	0.015130	-0.000869	-0.252518
160.302246	0.227406	-0.058975	1.713234	0.014967	-0.000721	-0.262671
160.334488	0.227898	-0.058997	1.704394	0.014798	-0.000595	-0.272555
160.366730	0.228383	-0.059015	1.695225	0.014616	-0.000487	-0.281884
160.400925	0.228892	-0.059030	1.685218	0.014413	-0.000386	-0.288550
160.433167	0.229365	-0.059041	1.675592	0.014217	-0.000293	-0.294405
160.465408	0.229831	-0.059049	1.665769	0.014031	-0.000190	-0.299769
160.498627	0.230306	-0.059054	1.655509	0.013865	-0.000069	-0.302546
160.530869	0.230761	-0.059054	1.645481	0.013732	0.000064	-0.304873
160.563110	0.231213	-0.059049	1.635371	0.013622	0.000212	-0.306801
160.597305	0.231688	-0.059039	1.624624	0.013510	0.000385	-0.306145
160.629547	0.232133	-0.059023	1.614564	0.013397	0.000562	-0.302554
160.662766	0.232586	-0.059000	1.604374	0.013271	0.000754	-0.295940
160.695007	0.233022	-0.058972	1.594734	0.013140	0.000940	-0.287823
160.728226	0.233467	-0.058937	1.585074	0.012999	0.001111	-0.280482
160.760468	0.233894	-0.058898	1.575893	0.012853	0.001238	-0.276037
160.793686	0.234329	-0.058854	1.566567	0.012700	0.001324	-0.271841
160.824951	0.234733	-0.058811	1.557924	0.012554	0.001368	-0.268259
160.857193	0.235145	-0.058766	1.549120	0.012393	0.001384	-0.264609
160.891388	0.235576	-0.058717	1.539953	0.012194	0.001383	-0.258405
160.922653	0.235963	-0.058673	1.531801	0.011983	0.001379	-0.250383
160.954895	0.236355	-0.058627	1.523679	0.011745	0.001386	-0.241927
160.988113	0.236750	-0.058580	1.515595	0.011505	0.001409	-0.233098
161.021317	0.237138	-0.058531	1.507812	0.011296	0.001450	-0.224898
161.052582	0.237497	-0.058484	1.500703	0.011125	0.001495	-0.219599
161.086777	0.237884	-0.058431	1.493069	0.010952	0.001541	-0.216766
161.120972	0.238265	-0.058376	1.485517	0.010785	0.001570	-0.214141
161.153214	0.238618	-0.058324	1.478484	0.010627	0.001575	-0.212035
161.185455	0.238966	-0.058272	1.471486	0.010458	0.001556	-0.212120
161.218674	0.239319	-0.058220	1.464227	0.010261	0.001514	-0.214833
161.250916	0.239654	-0.058171	1.457050	0.010042	0.001457	-0.219934
161.283157	0.239982	-0.058124	1.449692	0.009803	0.001394	-0.225122
161.316376	0.240311	-0.058078	1.441970	0.009555	0.001339	-0.228133
161.348618	0.240623	-0.058034	1.434420	0.009326	0.001315	-0.228480
161.381836	0.240936	-0.057989	1.426648	0.009113	0.001324	-0.228529
161.414078	0.241234	-0.057945	1.419080	0.008930	0.001364	-0.229860
161.446320	0.241526	-0.057899	1.411468	0.008766	0.001423	-0.230637
161.480515	0.241831	-0.057848	1.403406	0.008604	0.001491	-0.229214
161.515686	0.242138	-0.057793	1.395179	0.008447	0.001556	-0.227745
161.546951	0.242406	-0.057742	1.387897	0.008330	0.001607	-0.226839
161.583099	0.242713	-0.057681	1.379504	0.008218	0.001657	-0.226739
161.614365	0.242974	-0.057628	1.372217	0.008121	0.001692	-0.228603
161.646606	0.243241	-0.057571	1.364601	0.008003	0.001721	-0.232785
161.679825	0.243510	-0.057512	1.356569	0.007857	0.001744	-0.239393
161.712067	0.243767	-0.057454	1.348548	0.007696	0.001759	-0.245712
161.744308	0.244019	-0.057396	1.340352	0.007524	0.001767	-0.249979
161.778503	0.244279	-0.057334	1.331523	0.007341	0.001770	-0.254160
161.810745	0.244519	-0.057276	1.323063	0.007177	0.001768	-0.257609
161.845917	0.244774	-0.057212	1.313747	0.007016	0.001764	-0.258958
161.880112	0.245018	-0.057150	1.304657	0.006888	0.001765	-0.260202
161.912354	0.245244	-0.057092	1.296041	0.006799	0.001776	-0.261113
161.945572	0.245474	-0.057031	1.287168	0.006738	0.001802	-0.259976
161.977814	0.245696	-0.056971	1.278630	0.006701	0.001841	-0.256702
162.010056	0.245917	-0.056909	1.270235	0.006678	0.001894	-0.251350
162.043259	0.246144	-0.056844	1.261809	0.006664	0.001959	-0.243686
162.076477	0.246370	-0.056776	1.253679	0.006666	0.002028	-0.234012
162.107742	0.246584	-0.056710	1.246335	0.006680	0.002088	-0.225029
162.139984	0.246805	-0.056640	1.239055	0.006690	0.002141	-0.215864
162.174179	0.247039	-0.056564	1.231688	0.006687	0.002189	-0.204668
162.205444	0.247253	-0.056493	1.225302	0.006672	0.002232	-0.194708
162.237686	0.247473	-0.056419	1.219016	0.006647	0.002278	-0.186487
162.271881	0.247706	-0.056338	1.212604	0.006612	0.002330	-0.180185
162.303146	0.247917	-0.056262	1.206919	0.006576	0.002385	-0.174743
162.338318	0.248153	-0.056175	1.200732	0.006533	0.002458	-0.169045
162.370560	0.248368	-0.056093	1.195211	0.006494	0.002534	-0.165708
162.403778	0.248588	-0.056005	1.189623	0.006456	0.002622	-0.162595
162.436996	0.248808	-0.055914	1.184142	0.006421	0.002719	-0.159817
162.468262	0.249013	-0.055825	1.179063	0.006391	0.002819	-0.157197
162.501480	0.249230	-0.055727	1.173763	0.006363	0.002933	-0.154583
162.534698	0.249446	-0.055625	1.168523	0.006335	0.003048	-0.153704
162.566940	0.249655	-0.055523	1.163453	0.006306	0.003151	-0.153041
162.599182	0.249862	-0.055417	1.158410	0.006280	0.003239	-0.152565
162.632401	0.250076	-0.055306	1.153213	0.006273	0.003313	-0.152865
162.664642	0.250284	-0.055195	1.148166	0.006296	0.003370	-0.152479
162.696884	0.250492	-0.055083	1.143160	0.006337	0.003412	-0.150364
162.729126	0.250702	-0.054970	1.138239	0.006373	0.003444	-0.147692
162.762344	0.250919	-0.054852	1.133245	0.006391	0.003469	-0.146121
162.793610	0.251124	-0.054741	1.128566	0.006387	0.003491	-0.146345
162.826813	0.251341	-0.054622	1.123575	0.006368	0.003519	-0.146739
162.860031	0.251557	-0.054501	1.118573	0.006337	0.003554	-0.147431
162.891296	0.251760	-0.054387	1.113819	0.006301	0.003591	-0.149574
162.924515	0.251974	-0.054264	1.108684	0.006261	0.003627	-0.151919
162.957733	0.252186	-0.054140	1.103495	0.006219	0.003657	-0.152678
162.989975	0.252391	-0.054019	1.098444	0.006179	0.003676	-0.153313
163.022217	0.252594	-0.053897	1.093368	0.006142	0.003687	-0.153770
163.055435	0.252803	-0.053772	1.088128	0.006109	0.003691	-0.154358
163.087677	0.253004	-0.053650	1.083007	0.006079	0.003692	-0.155775
163.119919	0.253204	-0.053528	1.077823	0.006054	0.003696	-0.158267
163.153137	0.253410	-0.053402	1.072389	0.006044	0.003708	-0.160781
163.186356	0.253616	-0.053275	1.066895	0.006059	0.003733	-0.161721
163.217621	0.253811	-0.053155	1.061723	0.006095	0.003769	-0.160932
163.251816	0.254025	-0.053022	1.056129	0.006157	0.003826	-0.158219
163.285034	0.254236	-0.052890	1.050794	0.006223	0.003895	-0.155561
163.316299	0.254436	-0.052765	1.045849	0.006267	0.003964	-0.153111
163.349518	0.254650	-0.052628	1.040702	0.006273	0.004034	-0.149218
163.381760	0.254856	-0.052494	1.035840	0.006238	0.004092	-0.145453
163.414001	0.255061	-0.052358	1.031078	0.006166	0.004139	-0.143212
163.447220	0.255269	-0.052217	1.026220	0.006064	0.004177	-0.142636
163.479462	0.255468	-0.052078	1.021505	0.005950	0.004204	-0.142818
163.512680	0.255668	-0.051935	1.016651	0.005828	0.004223	-0.142179
163.544922	0.255859	-0.051795	1.011967	0.005717	0.004232	-0.141642
163.578140	0.256052	-0.051651	1.007155	0.005614	0.004232	-0.140969
163.609390	0.256230	-0.051515	1.002651	0.005533	0.004231	-0.140437
163.643585	0.256423	-0.051367	0.997720	0.005480	0.004238	-0.141306
163.676804	0.256609	-0.051223	0.992872	0.005478	0.004261	-0.143801
163.708069	0.256785	-0.051086	0.988223	0.005514	0.004299	-0.146193
163.742264	0.256979	-0.050934	0.983056	0.005583	0.004359	-0.148902
163.773529	0.257159	-0.050793	0.978231	0.005658	0.004427	-0.152494
163.805771	0.257348	-0.050646	0.973111	0.005735	0.004501	-0.157588
163.838989	0.257544	-0.050491	0.967634	0.005807	0.004557	-0.164296
163.871231	0.257737	-0.050341	0.962095	0.005870	0.004553	-0.170670
163.903473	0.257932	-0.050192	0.956368	0.005928	0.004470	-0.175609
163.936691	0.258135	-0.050042	0.950328	0.005974	0.004313	-0.178917
163.968933	0.258332	-0.049903	0.944370	0.005986	0.004128	-0.181888
164.001175	0.258530	-0.049769	0.938312	0.005955	0.003951	-0.184603
164.034393	0.258731	-0.049638	0.932001	0.005889	0.003803	-0.185960
164.067612	0.258930	-0.049510	0.925672	0.005798	0.003698	-0.185723
164.099854	0.259120	-0.049389	0.919562	0.005699	0.003639	-0.183963
164.132095	0.259307	-0.049269	0.913536	0.005615	0.003620	-0.180760
164.164337	0.259491	-0.049150	0.907623	0.005575	0.003633	-0.177494
164.196579	0.259675	-0.049029	0.901814	0.005589	0.003664	-0.174155
164.230774	0.259872	-0.048900	0.895775	0.005655	0.003698	-0.170862
164.262039	0.260055	-0.048781	0.890342	0.005745	0.003720	-0.168473
164.294281	0.260246	-0.048658	0.884823	0.005847	0.003726	-0.165588
164.327499	0.260447	-0.048532	0.879257	0.005948	0.003716	-0.161387
164.359726	0.260645	-0.048409	0.873998	0.006030	0.003690	-0.157373
164.391968	0.260846	-0.048288	0.868865	0.006096	0.003649	-0.153359
164.425186	0.261054	-0.048165	0.863734	0.006150	0.003598	-0.148107
164.457428	0.261258	-0.048047	0.858929	0.006196	0.003544	-0.143120
164.489670	0.261463	-0.047931	0.854269	0.006239	0.003492	-0.139418
164.522888	0.261676	-0.047812	0.849568	0.006285	0.003450	-0.137193
164.556107	0.261891	-0.047696	0.844915	0.006334	0.003422	-0.136508
164.587372	0.262095	-0.047586	0.840534	0.006369	0.003407	-0.137229
164.620590	0.262312	-0.047470	0.835845	0.006379	0.003406	-0.138130
164.652832	0.262522	-0.047358	0.831283	0.006370	0.003418	-0.137898
164.685074	0.262733	-0.047244	0.826750	0.006362	0.003439	-0.136362
164.718292	0.262949	-0.047127	0.822141	0.006371	0.003461	-0.134699
164.751511	0.263167	-0.047009	0.817569	0.006403	0.003477	-0.134222
164.783752	0.263379	-0.046894	0.813139	0.006450	0.003486	-0.133815
164.816971	0.263599	-0.046775	0.808593	0.006506	0.003495	-0.133538
164.848236	0.263809	-0.046663	0.804318	0.006561	0.003505	-0.133201
164.882431	0.264040	-0.046540	0.799676	0.006619	0.003513	-0.131624
164.914673	0.264259	-0.046424	0.795371	0.006670	0.003513	-0.128859
164.946915	0.264480	-0.046308	0.791174	0.006719	0.003506	-0.125283
164.980133	0.264710	-0.046189	0.786971	0.006769	0.003492	-0.122013
165.016281	0.264962	-0.046060	0.782518	0.006824	0.003468	-0.118384
165.048523	0.265188	-0.045946	0.778661	0.006869	0.003440	-0.115432
165.080765	0.265415	-0.045833	0.774894	0.006907	0.003408	-0.112568
165.113983	0.265651	-0.045717	0.771114	0.006941	0.003376	-0.109846
165.148178	0.265895	-0.045600	0.767313	0.006978	0.003345	-0.107032
165.179443	0.266119	-0.045493	0.763927	0.007015	0.003319	-0.104660
165.211670	0.266351	-0.045384	0.760495	0.007053	0.003296	-0.103354
165.245865	0.266599	-0.045269	0.756895	0.007095	0.003277	-0.102081
165.277130	0.266827	-0.045164	0.753643	0.007131	0.003265	-0.101125
165.309372	0.267063	-0.045056	0.750318	0.007163	0.003259	-0.100125
165.342590	0.267307	-0.044945	0.746942	0.007195	0.003258	-0.098107
165.374832	0.267546	-0.044838	0.743737	0.007225	0.003263	-0.096130
165.408051	0.267792	-0.044726	0.740485	0.007257	0.003273	-0.095253
165.440292	0.268032	-0.044618	0.737335	0.007285	0.003287	-0.095651
165.472534	0.268273	-0.044509	0.734152	0.007306	0.003306	-0.097243
165.504776	0.268515	-0.044400	0.730909	0.007318	0.003326	-0.098916
165.537994	0.268764	-0.044286	0.727513	0.007324	0.003346	-0.100741
165.570236	0.269006	-0.044175	0.724142	0.007326	0.003359	-0.103458
165.602478	0.269248	-0.044064	0.720676	0.007329	0.003364	-0.106177
165.635696	0.269498	-0.043950	0.717028	0.007341	0.003362	-0.107919
165.668915	0.269748	-0.043835	0.713343	0.007376	0.003356	-0.108378
165.701157	0.269993	-0.043724	0.709773	0.007431	0.003361	-0.107589
165.733398	0.270239	-0.043613	0.706236	0.007491	0.003391	-0.106675
165.765640	0.270488	-0.043500	0.702723	0.007544	0.003448	-0.106073
165.798859	0.270745	-0.043381	0.699117	0.007586	0.003535	-0.106023
165.832077	0.271004	-0.043259	0.695493	0.007615	0.003649	-0.107082
165.865295	0.271263	-0.043133	0.691814	0.007630	0.003784	-0.109198
165.896561	0.271508	-0.043009	0.688283	0.007634	0.003923	-0.111097
165.928802	0.271760	-0.042877	0.684594	0.007631	0.004072	-0.112026
165.962006	0.272019	-0.042736	0.680769	0.007622	0.004210	-0.112869
165.994247	0.272271	-0.042595	0.677026	0.007606	0.004301	-0.113538
166.027466	0.272529	-0.042448	0.673165	0.007577	0.004335	-0.113174
166.059708	0.272779	-0.042305	0.669449	0.007534	0.004313	-0.111695
166.091949	0.273027	-0.042164	0.665799	0.007480	0.004249	-0.109128
166.124191	0.273273	-0.042025	0.662241	0.007425	0.004165	-0.106517
166.157410	0.273525	-0.041884	0.658662	0.007385	0.004078	-0.103766
166.190628	0.273776	-0.041747	0.655191	0.007369	0.004007	-0.100117
166.222870	0.274019	-0.041615	0.651947	0.007364	0.003962	-0.096585
166.255112	0.274262	-0.041485	0.648802	0.007353	0.003940	-0.094109
166.287354	0.274505	-0.041355	0.645719	0.007328	0.003940	-0.092790
166.319595	0.274746	-0.041224	0.642659	0.007285	0.003954	-0.092652
166.354767	0.275008	-0.041082	0.639304	0.007222	0.003973	-0.093755
166.385056	0.275231	-0.040958	0.636366	0.007155	0.003982	-0.095720
166.418274	0.275473	-0.040823	0.633067	0.007075	0.003981	-0.097994
166.450516	0.275705	-0.040691	0.629804	0.006996	0.003968	-0.099302
166.482758	0.275935	-0.040561	0.626506	0.006923	0.003943	-0.100489
166.514999	0.276163	-0.040431	0.623154	0.006859	0.003907	-0.102531
166.548218	0.276395	-0.040299	0.619625	0.006810	0.003861	-0.104640
166.581436	0.276626	-0.040168	0.616041	0.006789	0.003826	-0.105764
166.612701	0.276844	-0.040046	0.612643	0.006798	0.003823	-0.106373
166.645920	0.277076	-0.039915	0.609005	0.006830	0.003859	-0.107536
166.678162	0.277302	-0.039786	0.605432	0.006876	0.003935	-0.108632
166.712357	0.277544	-0.039646	0.601620	0.006929	0.004055	-0.108749
166.743607	0.277767	-0.039514	0.598138	0.006970	0.004187	-0.108795
166.775848	0.277998	-0.039374	0.594542	0.006992	0.004328	-0.108803
166.810043	0.278243	-0.039219	0.590744	0.006990	0.004473	-0.107870
166.841309	0.278466	-0.039074	0.587305	0.006966	0.004594	-0.107008
166.874527	0.278702	-0.038916	0.583677	0.006922	0.004705	-0.106081
166.906769	0.278930	-0.038759	0.580196	0.006867	0.004773	-0.104688
166.939011	0.279156	-0.038601	0.576770	0.006810	0.004778	-0.102639
166.971252	0.279380	-0.038444	0.573427	0.006770	0.004715	-0.099693
167.006424	0.279624	-0.038277	0.569911	0.006764	0.004580	-0.095390
167.038666	0.279848	-0.038128	0.566827	0.006804	0.004416	-0.091562
167.070908	0.280074	-0.037985	0.563865	0.006887	0.004239	-0.087816
167.107056	0.280331	-0.037832	0.560690	0.007005	0.004063	-0.083884
167.139297	0.280564	-0.037699	0.557966	0.007105	0.003952	-0.081353
167.172516	0.280808	-0.037566	0.555238	0.007184	0.003891	-0.078941
167.204758	0.281046	-0.037438	0.552668	0.007234	0.003878	-0.076841
167.237000	0.281285	-0.037310	0.550153	0.007259	0.003896	-0.075655
167.272171	0.281547	-0.037169	0.547432	0.007265	0.003928	-0.075549
167.303436	0.281780	-0.037042	0.545011	0.007257	0.003955	-0.075488
167.335678	0.282019	-0.036911	0.542530	0.007247	0.003972	-0.074584
167.368896	0.282266	-0.036776	0.540011	0.007243	0.003974	-0.073627
167.401138	0.282505	-0.036645	0.537583	0.007252	0.003962	-0.073552
167.401138	0.282505	-0.036645	0.537583	0.007252	0.003962	-0.073552
167.433380	0.282745	-0.036514	0.535154	0.007272	0.003939	-0.073297
167.467575	0.283000	-0.036377	0.532602	0.007300	0.003922	-0.072407
167.499817	0.283242	-0.036247	0.530226	0.007327	0.003931	-0.071477
167.532059	0.283484	-0.036117	0.527881	0.007353	0.003971	-0.070555
167.565277	0.283735	-0.035980	0.525496	0.007383	0.004045	-0.069629
167.598495	0.283987	-0.035841	0.523142	0.007414	0.004151	-0.068731
167.629745	0.284225	-0.035706	0.520954	0.007443	0.004271	-0.067911
167.662964	0.284479	-0.035558	0.518657	0.007470	0.004409	-0.067066
167.695206	0.284726	-0.035410	0.516455	0.007500	0.004547	-0.066271
167.728424	0.284982	-0.035253	0.514214	0.007540	0.004680	-0.065477
167.760666	0.285232	-0.035097	0.512064	0.007586	0.004782	-0.064730
167.792908	0.285483	-0.034938	0.509938	0.007641	0.004843	-0.064006
167.825150	0.285737	-0.034777	0.507836	0.007695	0.004844	-0.063303
167.859344	0.286007	-0.034609	0.505631	0.007745	0.004774	-0.062581
167.890610	0.286256	-0.034458	0.503637	0.007777	0.004652	-0.061941
167.922852	0.286513	-0.034307	0.501602	0.007798	0.004490	-0.061301
167.957047	0.286786	-0.034153	0.499466	0.007807	0.004305	-0.060642
167.989288	0.287044	-0.034013	0.497473	0.007806	0.004148	-0.060041
168.022507	0.287310	-0.033874	0.495440	0.007805	0.004025	-0.059440
168.055725	0.287576	-0.033739	0.493428	0.007817	0.003950	-0.058858
168.086990	0.287827	-0.033613	0.491551	0.007854	0.003921	-0.058327
168.120209	0.288095	-0.033479	0.489576	0.007922	0.003927	-0.057780
168.152451	0.288358	-0.033349	0.487676	0.008007	0.003954	-0.057265
168.184692	0.288624	-0.033218	0.485793	0.008102	0.003981	-0.056766
168.216934	0.288894	-0.033086	0.483926	0.008200	0.003998	-0.056282
168.250153	0.289174	-0.032950	0.482019	0.008295	0.004002	-0.055798
168.283371	0.289458	-0.032814	0.480128	0.008379	0.003992	-0.055330
168.314636	0.289728	-0.032687	0.478363	0.008437	0.003976	-0.054902
168.347855	0.290015	-0.032551	0.476502	0.008469	0.003970	-0.054461
168.381058	0.290304	-0.032416	0.474656	0.008472	0.003986	-0.054033
168.413300	0.290583	-0.032284	0.472878	0.008460	0.004026	-0.053631
168.446518	0.290871	-0.032146	0.471060	0.008453	0.004093	-0.053229
168.479736	0.291159	-0.032005	0.469255	0.008464	0.004184	-0.052840
168.511002	0.291431	-0.031869	0.467568	0.008495	0.004292	-0.052485
168.543243	0.291712	-0.031725	0.465841	0.008546	0.004419	-0.052130
168.577438	0.292013	-0.031568	0.464021	0.008612	0.004563	-0.051765
168.609680	0.292298	-0.031415	0.462317	0.008678	0.004691	-0.051432
168.640945	0.292577	-0.031263	0.460674	0.008741	0.004792	-0.051118
168.674164	0.292876	-0.031098	0.458940	0.008801	0.004862	-0.050795
168.707382	0.293176	-0.030932	0.457217	0.008855	0.004884	-0.050482
168.738647	0.293461	-0.030776	0.455605	0.008896	0.004850	-0.050196
168.772842	0.293773	-0.030608	0.453852	0.008923	0.004751	-0.049892
168.805084	0.294068	-0.030453	0.452208	0.008939	0.004612	-0.049615
168.836349	0.294355	-0.030308	0.450623	0.008958	0.004451	-0.049354
168.869568	0.294660	-0.030160	0.448948	0.008989	0.004274	-0.049085
168.901810	0.294958	-0.030021	0.447331	0.009030	0.004123	-0.048833
168.935028	0.295266	-0.029883	0.445674	0.009084	0.004008	-0.048580
168.967270	0.295567	-0.029752	0.444073	0.009145	0.003942	-0.048343
169.002441	0.295898	-0.029610	0.442336	0.009214	0.003918	-0.048092
169.034683	0.296203	-0.029481	0.440751	0.009275	0.003926	-0.047869
169.066925	0.296510	-0.029351	0.439173	0.009327	0.003946	-0.047653
169.100143	0.296829	-0.029216	0.437555	0.009372	0.003967	-0.047437
169.132385	0.297139	-0.029085	0.435992	0.009409	0.003979	-0.047234
169.164612	0.297450	-0.028954	0.434435	0.009448	0.003979	-0.047037
169.198807	0.297782	-0.028814	0.432791	0.009492	0.003973	-0.046835
169.231049	0.298096	-0.028683	0.431247	0.009530	0.003980	-0.046650
169.263290	0.298412	-0.028551	0.429709	0.009561	0.004010	-0.046470
169.296509	0.298738	-0.028414	0.428130	0.009590	0.004067	-0.046291
169.327774	0.299045	-0.028282	0.426650	0.009615	0.004144	-0.046128
169.360016	0.299363	-0.028144	0.425129	0.009638	0.004247	-0.045964
169.393234	0.299692	-0.027997	0.423568	0.009659	0.004376	-0.045801
169.425476	0.300011	-0.027850	0.422057	0.009675	0.004513	-0.045647
169.458694	0.300341	-0.027694	0.420507	0.009687	0.004653	-0.045493
169.490936	0.300661	-0.027538	0.419006	0.009696	0.004767	-0.045349
169.523178	0.300981	-0.027379	0.417511	0.009719	0.004848	-0.045208
169.555420	0.301303	-0.027218	0.416020	0.009772	0.004892	-0.045073
169.588638	0.301637	-0.027052	0.414488	0.009846	0.004894	-0.044937
169.620880	0.301964	-0.026891	0.413006	0.009920	0.004847	-0.044810
169.653122	0.302292	-0.026732	0.411528	0.009983	0.004752	-0.044686
169.686340	0.302633	-0.026573	0.410009	0.010033	0.004612	-0.044562
169.718582	0.302965	-0.026423	0.408539	0.010066	0.004454	-0.044446
169.751801	0.303308	-0.026274	0.407028	0.010087	0.004285	-0.044330
169.784042	0.303641	-0.026135	0.405566	0.010099	0.004139	-0.044220
169.817261	0.303985	-0.025996	0.404063	0.010112	0.004026	-0.044111
169.848526	0.304309	-0.025869	0.402652	0.010129	0.003958	-0.044011
169.881744	0.304655	-0.025735	0.401156	0.010161	0.003925	-0.043908
169.913971	0.304991	-0.025605	0.399707	0.010223	0.003923	-0.043811
169.947189	0.305341	-0.025471	0.398217	0.010314	0.003938	-0.043715
169.979431	0.305683	-0.025341	0.396775	0.010404	0.003958	-0.043625
170.011673	0.306028	-0.025210	0.395335	0.010474	0.003972	-0.043537
170.043915	0.306375	-0.025079	0.393899	0.010515	0.003973	-0.043452
170.077133	0.306733	-0.024944	0.392421	0.010531	0.003969	-0.043366
170.109375	0.307081	-0.024812	0.390990	0.010527	0.003977	-0.043286
170.142593	0.307439	-0.024677	0.389518	0.010512	0.004008	-0.043205
170.174835	0.307786	-0.024543	0.388092	0.010496	0.004061	-0.043130
170.207077	0.308132	-0.024408	0.386669	0.010484	0.004137	-0.043057
170.240295	0.308489	-0.024265	0.385205	0.010481	0.004238	-0.042983
170.272537	0.308836	-0.024123	0.383786	0.010504	0.004358	-0.042914
170.304779	0.309183	-0.023977	0.382370	0.010560	0.004491	-0.042848
170.337997	0.309544	-0.023822	0.380913	0.010630	0.004636	-0.042782
170.370239	0.309896	-0.023666	0.379500	0.010682	0.004762	-0.042720
170.406387	0.310292	-0.023488	0.377919	0.010693	0.004869	-0.042653
170.439606	0.310656	-0.023321	0.376469	0.010654	0.004929	-0.042592
170.470871	0.310996	-0.023163	0.375106	0.010584	0.004944	-0.042536
170.505066	0.311365	-0.022990	0.373616	0.010488	0.004902	-0.042477
170.537308	0.311710	-0.022830	0.372214	0.010401	0.004807	-0.042423
170.568573	0.312042	-0.022678	0.370856	0.010341	0.004675	-0.042372
170.601791	0.312393	-0.022522	0.369415	0.010311	0.004511	-0.042320
170.635010	0.312744	-0.022371	0.367976	0.010327	0.004342	-0.042270
170.667252	0.313086	-0.022230	0.366580	0.010387	0.004192	-0.042223
170.699493	0.313431	-0.022094	0.365186	0.010467	0.004075	-0.042178
170.731720	0.313778	-0.021961	0.363794	0.010541	0.003999	-0.042134
170.763962	0.314127	-0.021829	0.362402	0.010593	0.003962	-0.042091
170.797180	0.314488	-0.021695	0.360971	0.010621	0.003961	-0.042048
170.829422	0.314839	-0.021563	0.359582	0.010620	0.003979	-0.042007
170.861664	0.315189	-0.021432	0.358195	0.010587	0.004001	-0.041968
170.894882	0.315549	-0.021295	0.356768	0.010525	0.004017	-0.041928
170.927124	0.315895	-0.021162	0.355383	0.010456	0.004022	-0.041891
170.959366	0.316239	-0.021029	0.354000	0.010398	0.004028	-0.041854
170.993561	0.316603	-0.020888	0.352535	0.010369	0.004048	-0.041817
171.025803	0.316946	-0.020754	0.351154	0.010388	0.004085	-0.041784
171.057068	0.317279	-0.020622	0.349816	0.010433	0.004140	-0.041753
171.091263	0.317646	-0.020476	0.348354	0.010487	0.004223	-0.041720
171.123505	0.317993	-0.020334	0.346976	0.010527	0.004322	-0.041690
171.155746	0.318341	-0.020190	0.345599	0.010547	0.004441	-0.041660
171.189941	0.318711	-0.020032	0.344140	0.010542	0.004583	-0.041630
171.221207	0.319048	-0.019883	0.342807	0.010513	0.004711	-0.041602
171.255402	0.319415	-0.019715	0.341350	0.010456	0.004832	-0.041574
171.287643	0.319759	-0.019554	0.339978	0.010386	0.004917	-0.041547
171.319885	0.320101	-0.019391	0.338606	0.010308	0.004973	-0.041521
171.353104	0.320451	-0.019221	0.337193	0.010231	0.004986	-0.041495
171.385345	0.320788	-0.019057	0.335823	0.010182	0.004943	-0.041471
171.417587	0.321123	-0.018895	0.334453	0.010157	0.004844	-0.041449
171.450806	0.321469	-0.018733	0.333043	0.010140	0.004696	-0.041426
171.484024	0.321814	-0.018576	0.331633	0.010116	0.004525	-0.041403
171.516251	0.322147	-0.018429	0.330266	0.010078	0.004359	-0.041382
171.548492	0.322479	-0.018288	0.328899	0.010025	0.004212	-0.041362
171.581711	0.322819	-0.018147	0.327492	0.009961	0.004095	-0.041341
171.613953	0.323147	-0.018013	0.326127	0.009894	0.004020	-0.041321
171.646194	0.323473	-0.017881	0.324762	0.009828	0.003984	-0.041302
171.679413	0.323806	-0.017745	0.323357	0.009765	0.003981	-0.041284
171.711655	0.324128	-0.017613	0.321993	0.009710	0.003996	-0.041266
171.743896	0.324448	-0.017481	0.320630	0.009677	0.004011	-0.041248
171.776138	0.324768	-0.017349	0.319268	0.009677	0.004011	-0.041232
171.808380	0.325087	-0.017216	0.317906	0.009689	0.003997	-0.041217
171.841599	0.325417	-0.017081	0.316504	0.009693	0.003982	-0.041201
171.873840	0.325737	-0.016949	0.315143	0.009678	0.003988	-0.041186
171.906082	0.326056	-0.016817	0.313783	0.009647	0.004021	-0.041171
171.939301	0.326384	-0.016679	0.312382	0.009601	0.004084	-0.041156
171.971542	0.326700	-0.016543	0.311023	0.009550	0.004172	-0.041143
172.004761	0.327024	-0.016399	0.309623	0.009495	0.004282	-0.041129
172.039932	0.327365	-0.016242	0.308141	0.009434	0.004411	-0.041115
172.072174	0.327676	-0.016094	0.306783	0.009377	0.004536	-0.041102
172.104416	0.327985	-0.015942	0.305425	0.009333	0.004662	-0.041089
172.138611	0.328312	-0.015777	0.303986	0.009324	0.004779	-0.041077
172.170853	0.328620	-0.015617	0.302629	0.009354	0.004862	-0.041066
172.202118	0.328920	-0.015461	0.301314	0.009396	0.004913	-0.041056
172.235336	0.329241	-0.015293	0.299917	0.009431	0.004918	-0.041046
172.268555	0.329562	-0.015127	0.298520	0.009441	0.004849	-0.041035
172.299805	0.329864	-0.014974	0.297206	0.009426	0.004713	-0.041025
172.334000	0.330194	-0.014812	0.295769	0.009384	0.004495	-0.041015
172.365265	0.330494	-0.014672	0.294455	0.009333	0.004260	-0.041005
172.398483	0.330810	-0.014532	0.293060	0.009276	0.004007	-0.040996
172.433655	0.331143	-0.014392	0.291583	0.009222	0.003775	-0.040986
172.465897	0.331447	-0.014270	0.290229	0.009189	0.003611	-0.040976
172.499115	0.331760	-0.014149	0.288834	0.009194	0.003493	-0.040968
172.531357	0.332065	-0.014035	0.287481	0.009249	0.003420	-0.040960
172.566528	0.332400	-0.013913	0.286005	0.009356	0.003369	-0.040952
172.597794	0.332701	-0.013806	0.284694	0.009458	0.003329	-0.040946
172.630035	0.333015	-0.013696	0.283341	0.009535	0.003282	-0.040939
172.664230	0.333350	-0.013582	0.281907	0.009565	0.003219	-0.040932
172.696472	0.333666	-0.013477	0.280555	0.009549	0.003154	-0.040924
172.728714	0.333980	-0.013374	0.279203	0.009501	0.003107	-0.040917
172.760956	0.334293	-0.013272	0.277852	0.009438	0.003093	-0.040910
172.794174	0.334613	-0.013166	0.276460	0.009369	0.003114	-0.040903
172.825439	0.334912	-0.013066	0.275150	0.009312	0.003167	-0.040897
172.858658	0.335229	-0.012956	0.273758	0.009282	0.003247	-0.040890
172.891876	0.335545	-0.012844	0.272366	0.009305	0.003337	-0.040885
172.923141	0.335844	-0.012736	0.271057	0.009374	0.003420	-0.040880
172.958313	0.336184	-0.012611	0.269584	0.009492	0.003502	-0.040875
172.991531	0.336509	-0.012491	0.268193	0.009608	0.003567	-0.040870
173.022797	0.336818	-0.012376	0.266883	0.009687	0.003616	-0.040866
173.056015	0.337148	-0.012252	0.265493	0.009719	0.003656	-0.040861
173.089233	0.337479	-0.012127	0.264102	0.009700	0.003687	-0.040856
173.120499	0.337789	-0.012008	0.262794	0.009650	0.003715	-0.040851
173.153717	0.338116	-0.011881	0.261403	0.009579	0.003752	-0.040846
173.186935	0.338441	-0.011753	0.260013	0.009506	0.003797	-0.040841
173.218185	0.338744	-0.011630	0.258705	0.009459	0.003848	-0.040836
173.251404	0.339066	-0.011499	0.257315	0.009458	0.003900	-0.040831
173.285599	0.339398	-0.011361	0.255885	0.009520	0.003926	-0.040828
173.317841	0.339715	-0.011232	0.254536	0.009625	0.003911	-0.040824
173.350082	0.340035	-0.011103	0.253188	0.009753	0.003854	-0.040821
173.383301	0.340369	-0.010974	0.251799	0.009883	0.003756	-0.040819
173.419449	0.340737	-0.010837	0.250287	0.009983	0.003617	-0.040815
173.451691	0.341068	-0.010720	0.248939	0.010015	0.003480	-0.040812
173.486862	0.341428	-0.010598	0.247468	0.009990	0.003333	-0.040808
173.519104	0.341757	-0.010490	0.246120	0.009928	0.003212	-0.040804
173.550369	0.342074	-0.010388	0.244813	0.009850	0.003112	-0.040801
173.583588	0.342408	-0.010284	0.243425	0.009781	0.003038	-0.040797
173.618759	0.342760	-0.010175	0.241954	0.009757	0.003014	-0.040793
173.651001	0.343082	-0.010075	0.240607	0.009791	0.003048	-0.040791
173.684219	0.343417	-0.009970	0.239219	0.009873	0.003126	-0.040788
173.716461	0.343745	-0.009865	0.237871	0.009982	0.003226	-0.040786
173.749680	0.344087	-0.009753	0.236483	0.010104	0.003332	-0.040785
173.780945	0.344412	-0.009645	0.235177	0.010200	0.003426	-0.040783
173.814163	0.344760	-0.009527	0.233789	0.010254	0.003516	-0.040781
173.847382	0.345109	-0.009406	0.232401	0.010249	0.003596	-0.040779
173.878647	0.345437	-0.009290	0.231095	0.010197	0.003661	-0.040776
173.911865	0.345783	-0.009164	0.229707	0.010108	0.003720	-0.040773
173.944107	0.346115	-0.009040	0.228360	0.010018	0.003768	-0.040770
173.976349	0.346445	-0.008915	0.227014	0.009966	0.003807	-0.040767
174.009567	0.346784	-0.008785	0.225626	0.009972	0.003838	-0.040765
174.041809	0.347114	-0.008658	0.224280	0.010033	0.003860	-0.040764
174.075027	0.347457	-0.008526	0.222892	0.010133	0.003875	-0.040762
174.107269	0.347794	-0.008398	0.221546	0.010245	0.003889	-0.040761
174.139496	0.348134	-0.008269	0.220199	0.010352	0.003908	-0.040760
174.172714	0.348488	-0.008136	0.218812	0.010427	0.003936	-0.040759
174.204956	0.348833	-0.008005	0.217466	0.010448	0.003971	-0.040757
174.237198	0.349178	-0.007873	0.216119	0.010419	0.004013	-0.040756
174.270416	0.349531	-0.007736	0.214732	0.010349	0.004064	-0.040754
174.302658	0.349872	-0.007601	0.213386	0.010264	0.004113	-0.040751
174.335876	0.350220	-0.007460	0.211999	0.010196	0.004138	-0.040749
174.367142	0.350546	-0.007328	0.210694	0.010177	0.004124	-0.040747
174.401337	0.350903	-0.007184	0.209267	0.010216	0.004064	-0.040746
174.432602	0.351231	-0.007055	0.207961	0.010297	0.003974	-0.040745
174.464844	0.351573	-0.006926	0.206615	0.010407	0.003873	-0.040745
174.498062	0.351930	-0.006796	0.205229	0.010527	0.003793	-0.040744
174.531281	0.352290	-0.006667	0.203842	0.010620	0.003761	-0.040744
174.562546	0.352631	-0.006546	0.202537	0.010657	0.003778	-0.040743
174.596741	0.353004	-0.006413	0.201110	0.010624	0.003839	-0.040742
174.628006	0.353343	-0.006289	0.199805	0.010532	0.003920	-0.040740
174.660248	0.353688	-0.006158	0.198459	0.010396	0.004013	-0.040738
174.694443	0.354050	-0.006015	0.197032	0.010253	0.004107	-0.040736
174.726685	0.354387	-0.005878	0.195686	0.010167	0.004184	-0.040734
174.758926	0.354722	-0.005739	0.194340	0.010147	0.004248	-0.040733
174.791168	0.355058	-0.005598	0.192995	0.010190	0.004299	-0.040733
174.823410	0.355396	-0.005455	0.191649	0.010276	0.004335	-0.040733
174.855637	0.355737	-0.005312	0.190304	0.010383	0.004356	-0.040733
174.889832	0.356103	-0.005159	0.188877	0.010487	0.004362	-0.040733
174.921097	0.356440	-0.005019	0.187572	0.010542	0.004361	-0.040732
174.953339	0.356788	-0.004875	0.186227	0.010545	0.004362	-0.040731
174.987534	0.357157	-0.004722	0.184800	0.010496	0.004370	-0.040730
175.018799	0.357492	-0.004582	0.183495	0.010419	0.004388	-0.040729
175.052017	0.357845	-0.004432	0.182109	0.010328	0.004418	-0.040727
175.084259	0.358185	-0.004285	0.180764	0.010268	0.004458	-0.040726
175.119431	0.358555	-0.004124	0.179296	0.010256	0.004513	-0.040725
175.150696	0.358884	-0.003978	0.177991	0.010296	0.004559	-0.040724
175.182938	0.359225	-0.003827	0.176646	0.010373	0.004587	-0.040724
175.216156	0.359580	-0.003671	0.175260	0.010475	0.004578	-0.040724
175.249374	0.359938	-0.003516	0.173874	0.010574	0.004507	-0.040725
175.281616	0.360288	-0.003370	0.172529	0.010636	0.004375	-0.040725
175.313858	0.360640	-0.003228	0.171184	0.010639	0.004192	-0.040724
175.350006	0.361033	-0.003077	0.169675	0.010563	0.003990	-0.040723
175.382248	0.361380	-0.002947	0.168330	0.010441	0.003861	-0.040721
175.415466	0.361733	-0.002817	0.166944	0.010300	0.003803	-0.040720
175.448685	0.362081	-0.002688	0.165558	0.010195	0.003818	-0.040718
175.479950	0.362407	-0.002565	0.164254	0.010157	0.003881	-0.040718
175.512192	0.362743	-0.002435	0.162909	0.010182	0.003974	-0.040718
175.546387	0.363101	-0.002294	0.161483	0.010262	0.004078	-0.040718
175.577652	0.363431	-0.002162	0.160178	0.010363	0.004160	-0.040718
175.609894	0.363775	-0.002023	0.158833	0.010471	0.004225	-0.040719
175.643112	0.364133	-0.001878	0.157447	0.010550	0.004267	-0.040719
175.675354	0.364482	-0.001737	0.156102	0.010573	0.004289	-0.040718
175.707581	0.364831	-0.001595	0.154757	0.010541	0.004299	-0.040718
175.741776	0.365199	-0.001445	0.153331	0.010462	0.004305	-0.040717
175.774017	0.365543	-0.001302	0.151986	0.010368	0.004315	-0.040715
175.805283	0.365874	-0.001164	0.150682	0.010292	0.004331	-0.040714
175.838501	0.366223	-0.001016	0.149296	0.010256	0.004356	-0.040714
175.870743	0.366562	-0.000871	0.147951	0.010275	0.004387	-0.040714
175.902985	0.366903	-0.000726	0.146606	0.010336	0.004425	-0.040714
175.936203	0.367256	-0.000574	0.145221	0.010429	0.004472	-0.040714
175.969421	0.367613	-0.000421	0.143835	0.010531	0.004522	-0.040714
176.000687	0.367952	-0.000276	0.142531	0.010607	0.004561	-0.040715
176.033905	0.368313	-0.000120	0.141145	0.010637	0.004582	-0.040715
176.066147	0.368664	0.000031	0.139800	0.010599	0.004577	-0.040715
176.098389	0.369013	0.000182	0.138455	0.010498	0.004546	-0.040714
176.131607	0.369367	0.000336	0.137070	0.010352	0.004488	-0.040712
176.164825	0.369717	0.000487	0.135684	0.010212	0.004412	-0.040710
176.196091	0.370043	0.000627	0.134380	0.010131	0.004338	-0.040710
176.229309	0.370387	0.000774	0.132995	0.010117	0.004288	-0.040710
176.262527	0.370732	0.000920	0.131609	0.010171	0.004295	-0.040710
176.297699	0.371101	0.001076	0.130142	0.010275	0.004368	-0.040711
176.328964	0.371432	0.001217	0.128838	0.010384	0.004483	-0.040711
176.364136	0.371808	0.001382	0.127371	0.010490	0.004640	-0.040712
176.397354	0.372166	0.001542	0.125985	0.010542	0.004784	-0.040712
176.428619	0.372504	0.001697	0.124681	0.010537	0.004892	-0.040712
176.461838	0.372861	0.001865	0.123296	0.010482	0.004969	-0.040711
176.494080	0.373206	0.002030	0.121951	0.010394	0.005008	-0.040710
176.526321	0.373548	0.002196	0.120606	0.010300	0.005014	-0.040709
176.559525	0.373897	0.002366	0.119220	0.010235	0.004995	-0.040708
176.591766	0.374235	0.002531	0.117876	0.010225	0.004964	-0.040708
176.624008	0.374573	0.002694	0.116531	0.010267	0.004933	-0.040708
176.657227	0.374924	0.002862	0.115146	0.010352	0.004911	-0.040709
176.692398	0.375299	0.003038	0.113679	0.010468	0.004902	-0.040709
176.724640	0.375647	0.003200	0.112334	0.010567	0.004909	-0.040710
176.756882	0.375997	0.003363	0.110989	0.010625	0.004929	-0.040711
176.790100	0.376359	0.003531	0.109604	0.010619	0.004964	-0.040710
176.821365	0.376698	0.003691	0.108299	0.010550	0.005008	-0.040710
176.856537	0.377076	0.003872	0.106832	0.010418	0.005062	-0.040709
176.887802	0.377407	0.004035	0.105529	0.010286	0.005110	-0.040707
176.920044	0.377745	0.004205	0.104184	0.010180	0.005149	-0.040706
176.953262	0.378091	0.004380	0.102798	0.010133	0.005161	-0.040706
176.985504	0.378426	0.004550	0.101454	0.010155	0.005137	-0.040706
177.017746	0.378762	0.004719	0.100109	0.010230	0.005077	-0.040707
177.051941	0.379123	0.004896	0.098683	0.010341	0.004982	-0.040707
177.083206	0.379456	0.005053	0.097379	0.010442	0.004882	-0.040708
177.116425	0.379812	0.005218	0.095994	0.010514	0.004791	-0.040709
177.148666	0.380160	0.005375	0.094649	0.010530	0.004737	-0.040709
177.181885	0.380518	0.005536	0.093263	0.010490	0.004720	-0.040708
177.213150	0.380853	0.005687	0.091959	0.010415	0.004740	-0.040707
177.247345	0.381216	0.005854	0.090533	0.010311	0.004796	-0.040706
177.278610	0.381545	0.006009	0.089229	0.010228	0.004863	-0.040705
177.310852	0.381882	0.006171	0.087885	0.010186	0.004935	-0.040705
177.347000	0.382259	0.006355	0.086377	0.010205	0.005004	-0.040705
177.379242	0.382597	0.006521	0.085032	0.010272	0.005047	-0.040706
177.411469	0.382938	0.006688	0.083688	0.010369	0.005069	-0.040706
177.443710	0.383282	0.006856	0.082343	0.010473	0.005073	-0.040707
177.477905	0.383651	0.007033	0.080917	0.010553	0.005061	-0.040708
177.511124	0.384011	0.007205	0.079532	0.010575	0.005041	-0.040708
177.543365	0.384359	0.007372	0.078187	0.010541	0.005023	-0.040707
177.576584	0.384717	0.007542	0.076801	0.010464	0.005012	-0.040707
177.607849	0.385051	0.007703	0.075497	0.010372	0.005009	-0.040706
177.641068	0.385402	0.007873	0.074112	0.010282	0.005015	-0.040705
177.673309	0.385741	0.008039	0.072768	0.010234	0.005028	-0.040705
177.705551	0.386079	0.008206	0.071423	0.010238	0.005042	-0.040705
177.738770	0.386428	0.008377	0.070038	0.010293	0.005045	-0.040705
177.771011	0.386769	0.008544	0.068693	0.010381	0.005030	-0.040705
177.803253	0.387114	0.008709	0.067348	0.010482	0.004996	-0.040706
177.836472	0.387472	0.008878	0.065963	0.010569	0.004942	-0.040707
177.868713	0.387822	0.009041	0.064618	0.010607	0.004871	-0.040707
177.901932	0.388183	0.009205	0.063233	0.010584	0.004785	-0.040707
177.934174	0.388531	0.009361	0.061888	0.010502	0.004698	-0.040706
177.966415	0.388876	0.009515	0.060543	0.010382	0.004623	-0.040705
177.998657	0.389217	0.009667	0.059199	0.010258	0.004578	-0.040704
178.032852	0.389575	0.009827	0.057773	0.010167	0.004571	-0.040703
178.065094	0.389910	0.009979	0.056428	0.010145	0.004599	-0.040703
178.096359	0.390235	0.010127	0.055124	0.010179	0.004649	-0.040704
178.130554	0.390593	0.010291	0.053698	0.010264	0.004714	-0.040704
178.161819	0.390924	0.010443	0.052394	0.010364	0.004770	-0.040705
178.194046	0.391268	0.010601	0.051050	0.010459	0.004817	-0.040706
178.227264	0.391625	0.010766	0.049664	0.010515	0.004850	-0.040707
178.261459	0.391994	0.010936	0.048238	0.010515	0.004869	-0.040706
178.294678	0.392351	0.011102	0.046853	0.010464	0.004872	-0.040706
178.325943	0.392685	0.011258	0.045549	0.010383	0.004866	-0.040705
178.360138	0.393046	0.011428	0.044123	0.010280	0.004856	-0.040704
178.392380	0.393385	0.011588	0.042778	0.010206	0.004850	-0.040704
178.423645	0.393711	0.011744	0.041475	0.010179	0.004846	-0.040704
178.456863	0.394058	0.011909	0.040089	0.010205	0.004846	-0.040704
178.489105	0.394396	0.012069	0.038745	0.010275	0.004844	-0.040704
178.521347	0.394737	0.012229	0.037400	0.010371	0.004834	-0.040705	-0.015602	-0.007960	5.143410	80.000000	60.000000	130	120	240	240	0.717500	-6.000000	141.302536	152.022171	154.049454	167.368896	178.521347	4	-0.000357	0.000310	1.570544
t_reinits	158.434235	161.021317	163.609390	166.091949